"facility_code","facility_name","admin1","facility_type","latitude","longitude","catchment_population","catchment_population_se","catchment_population_lo95","catchment_population_hi95","catchment_category"
"103487-5","LESIRAA","Arusha","Dispensary",-3.396869,36.506901,2360,880.6,634,4086,"Moderate"
"105715-7","MUSA","Arusha","Dispensary",-3.32405,36.520461,5220,1604.1,2076,8364,"High"
"123975-5","NAMAYANI","Arusha","Dispensary",-3.39563,36.53261,4958,461.4,4053,5862,"High"
"105908-8","MWANDET","Arusha","Dispensary",-3.240352,36.538173,4980,716.6,3575,6384,"High"
"111510-4","ENGORORA","Arusha","Health Center",-3.35498,36.54587,3357,337.7,2695,4019,"High"
"103512-0","LIKAMBA","Arusha","Dispensary",-3.32382,36.54664,3467,593.9,2303,4632,"High"
"107338-6","KISONGO SDA","Arusha","Dispensary",-3.370954,36.546784,5718,599.2,4543,6892,"High"
"121896-5","LOVILUKUNY","Arusha","Dispensary",-3.40269,36.54774,1230,130.8,974,1487,"Low"
"101800-1","IMBIBIA","Arusha","Dispensary",-3.265367,36.56532,4561,778.2,3036,6086,"High"
"113655-5","KISAU","Arusha","Health Laboratory",-3.37465,36.56958,7063,716.3,5660,8467,"Very High"
"109536-3","KISONGO CHARITABLE","Arusha","Health Center",-3.37211,36.57025,8328,950.6,6464,10191,"Very High"
"106947-5","KISONGO PAG","Arusha","Dispensary",-3.37391,36.57036,8319,946.6,6464,10174,"Very High"
"113654-8","KISONGO","Arusha","Health Laboratory",-3.372808,36.571935,8226,918.2,6427,10026,"Very High"
"120304-1","DR MASUDI","Arusha","Dispensary",-3.37367,36.57231,8176,903.1,6406,9946,"Very High"
"121773-6","ILKERIN","Arusha","Dispensary",-3.37448,36.57251,7514,741.6,6061,8968,"Very High"
"106418-7","NGORBOBO","Arusha","Dispensary",-3.37559,36.57303,7036,737.7,5590,8482,"Very High"
"124255-1","LEMGUR","Arusha","Dispensary",-3.42247,36.57694,1897,478,960,2833,"Moderate"
"124330-2","KIVUYO HOPE","Arusha","Health Laboratory",-3.36425,36.58232,7398,740.1,5947,8849,"Very High"
"103131-9","KISONGO LUTHERAN","Arusha","Dispensary",-3.37077,36.58481,7133,723.8,5715,8552,"Very High"
"113656-3","ASHENGAI","Arusha","Health Laboratory",-3.38493,36.58884,2127,204.4,1727,2528,"Moderate"
"121333-9","A TO Z","Arusha","Dispensary",-3.38333,36.59226,1692,157.2,1384,2000,"Moderate"
"112378-5","OLMOTI","Arusha","Dispensary",-3.426427,36.593784,2886,832.7,1254,4518,"Moderate"
"109812-8","MATEVES","Arusha","Dispensary",-3.359082,36.601756,17915,1673.9,14634,21196,"Very High"
"103468-5","LENGIJAVE","Arusha","Dispensary",-3.22259,36.6029,5014,608.7,3821,6207,"High"
"106922-8","OLTRUMENT","Arusha","Hospital",-3.30344,36.60487,889,258.4,383,1396,"Low"
"109439-0","MAGEREZA","Arusha","Dispensary",-3.369214,36.619845,31747,2932.6,26000,37495,"Very High"
"123009-3","AFYA","Arusha","Health Laboratory",-3.32831,36.62291,17477,1636.6,14269,20684,"Very High"
"124257-7","LAROI","Arusha","Dispensary",-3.49457,36.62384,3358,926.7,1542,5174,"High"
"121897-3","ILKUROT","Arusha","Dispensary",-3.21224,36.62733,4676,879,2953,6398,"High"
"120349-6","ELI SPECIALIZED POLYCLINIC","Arusha","Clinic",-3.31736,36.63355,32685,3035.6,26735,38635,"Very High"
"111143-4","PAMOJA","Arusha","Clinic",-3.31926,36.63523,32367,3006.4,26475,38260,"Very High"
"123772-6","UZIMA","Arusha","Dispensary",-3.31571,36.63881,33145,3144.6,26982,39309,"Very High"
"100916-6","COGI NGARAMTONI","Arusha","Dispensary",-3.31571,36.6388,33135,3142.3,26976,39294,"Very High"
"109600-7","SEURI","Arusha","Dispensary",-3.30744,36.63943,28921,2765.2,23501,34341,"Very High"
"120876-8","GOOD HOPE FAMILY","Arusha","Dispensary",-3.31192,36.64026,29123,2793.3,23649,34598,"Very High"
"109462-2","ESTHER NGARAMTONI","Arusha","Dispensary",-3.31241,36.64039,27711,2662.6,22492,32929,"Very High"
"102913-1","KIMNYAKI MAASAI","Arusha","Dispensary",-3.31311,36.64154,19619,1927.9,15841,23398,"Very High"
"113545-8","SAFARI","Arusha","Health Laboratory",-3.31559,36.641,14340,1434.3,11529,17151,"Very High"
"121722-3","OLORIEN","Arusha","Health Center",-3.3226,36.64204,9393,865.5,7696,11089,"Very High"
"111880-1","HOREBU HILL","Arusha","Dispensary",-3.31431,36.64286,3459,338.7,2795,4123,"High"
"111366-1","EKENYWA","Arusha","Dispensary",-3.304082,36.643429,3034,691.4,1679,4389,"High"
"111489-1","KANAAN LAND","Arusha","Dispensary",-3.405768,36.644791,10501,988.1,8564,12438,"Very High"
"106913-7","OLKOKOLA","Arusha","Health Center",-3.24666,36.64528,5286,1711.6,1931,8641,"High"
"113640-7","SMART","Arusha","Health Laboratory",-3.405221,36.645555,10948,1021.5,8946,12951,"Very High"
"111967-6","TUMAINIJEMA","Arusha","Health Laboratory",-3.35025,36.64896,20003,1843.9,16389,23617,"Very High"
"109595-9","SELIAN","Arusha","Hospital",-3.32548,36.6501,2002,183.3,1642,2361,"Moderate"
"109720-3","OLJORO","Arusha","Dispensary",-3.54043,36.65061,2715,183.1,2356,3074,"Moderate"
"107809-6","TERRAT","Arusha","Dispensary",-3.454225,36.652426,9359,843.8,7705,11013,"Very High"
"112377-7","MURIET","Arusha","Health Center",-3.440929,36.654003,14722,1354.9,12066,17378,"Very High"
"110831-5","COGI AMAN OLASITI","Arusha","Dispensary",-3.41753,36.65603,19009,1784.6,15511,22507,"Very High"
"106917-8","FORESTRY TRAINING INSTITUTE OLMOTONYI","Arusha","Dispensary",-3.29021,36.65643,1261,117.4,1031,1491,"Low"
"113544-1","TRUE","Arusha","Health Laboratory",-3.41618,36.65687,18453,1728.9,15064,21841,"Very High"
"112005-4","USANDA","Arusha","Health Laboratory",-3.42054,36.65796,20036,1874,16363,23709,"Very High"
"111982-5","AGAPE","Arusha","Health Laboratory",-3.396758,36.658008,22054,2020.8,18094,26015,"Very High"
"110715-0","LCC HURUMA","Arusha","Dispensary",-3.418995,36.658198,19650,1836,16052,23249,"Very High"
"110462-9","DOSIL","Arusha","Dispensary",-3.4102,36.658531,19311,1793.4,15796,22826,"Very High"
"112912-1","St Joseph Health Care International","Arusha","Hospital",-3.360253,36.658594,23854,2203,19536,28172,"Very High"
"109982-9","ELERAI","Arusha","Dispensary",-3.368833,36.658632,23112,2138.3,18921,27304,"Very High"
"104673-9","MBUYUNI","Arusha","Health Center",-3.574294,36.65867,4397,745,2937,5857,"High"
"111782-9","HOPE","Arusha","Dispensary",-3.424183,36.658004,14131,1371.7,11442,16819,"Very High"
"111956-9","NZUNDUKA","Arusha","Health Laboratory",-3.38012,36.65985,22141,2055.8,18112,26170,"Very High"
"102912-3","KIMNYAKI","Arusha","Dispensary",-3.307269,36.660028,1873,177,1527,2220,"Moderate"
"113623-3","WELINESS","Arusha","Dispensary",-3.386351,36.660058,20913,1944.7,17101,24724,"Very High"
"113622-5","MAJENGO","Arusha","Health Laboratory",-3.37093,36.66064,19751,1842.7,16139,23362,"Very High"
"108142-1","UPONE CHARITABLE","Arusha","Dispensary",-3.376765,36.660904,19115,1784.4,15618,22613,"Very High"
"103805-8","M&M KIWERA","Arusha","Dispensary",-3.35912,36.66115,18025,1683.3,14725,21324,"Very High"
"111963-5","CHARITY MODERN","Arusha","Health Laboratory",-3.38155,36.66116,16113,1508.1,13157,19069,"Very High"
"124027-4","AMENAH'S","Arusha","Dispensary",-3.37603,36.66193,11903,1104.4,9739,14068,"Very High"
"113543-3","PRINCE","Arusha","Health Laboratory",-3.37626,36.66222,7277,673.8,5957,8598,"Very High"
"103705-0","LULU MEDICAL","Arusha","Dispensary",-3.37824,36.6625,3081,285.4,2521,3640,"High"
"109813-6","MIRONGOINE","Arusha","Dispensary",-3.60759,36.66324,1692,310.5,1084,2301,"Moderate"
"109788-0","ESSOKA","Arusha","Dispensary",-3.60492,36.66354,1692,310.4,1084,2300,"Moderate"
"124258-5","MIRONGOINE GVT","Arusha","Dispensary",-3.60775,36.66359,1691,309,1086,2297,"Moderate"
"112007-0","SHAMSI","Arusha","Health Laboratory",-3.37261,36.66517,2363,219.4,1933,2793,"Moderate"
"111957-7","HIGHWAY HEALTH","Arusha","Health Laboratory",-3.39452,36.66518,1215,112.6,994,1435,"Low"
"111783-7","N.G LIGHT","Arusha","Dispensary",-3.44181,36.66592,10513,962.2,8627,12399,"Very High"
"107527-4","SOMBETINI","Arusha","Dispensary",-3.39463,36.665003,695,64.7,568,822,"Low"
"120757-0","PATRICK PEYTON RC","Arusha","Health Center",-3.40019,36.66621,4202,399.5,3419,4985,"High"
"123163-8","CABRIM","Arusha","Dispensary",-3.40549,36.66653,5274,509.6,4275,6273,"High"
"110712-7","OLCHOROVOSI","Arusha","Dispensary",-3.35641,36.66751,2303,213.5,1885,2722,"Moderate"
"113548-2","KUHENGA","Arusha","Health Laboratory",-3.36363,36.66777,3655,336.7,2995,4314,"High"
"121091-3","DARAJA MBILI","Arusha","Dispensary",-3.42678,36.66784,8403,803.9,6827,9979,"Very High"
"103029-5","KIRANYI","Arusha","Dispensary",-3.342505,36.668095,1153,105.9,946,1361,"Low"
"110911-5","SAKINA","Arusha","Dispensary",-3.36137,36.67014,4461,410.7,3656,5266,"High"
"111998-1","KIAZE","Arusha","Health Laboratory",-3.36279,36.67261,4060,375.1,3325,4795,"High"
"109545-4","SAMBASHA","Arusha","Dispensary",-3.293279,36.673411,2031,185.2,1668,2394,"Moderate"
"113550-8","FORWARD MODERN","Arusha","Health Laboratory",-3.39125,36.673492,1413,129.9,1158,1668,"Moderate"
"111997-3","MORDEN","Arusha","Health Laboratory",-3.37521,36.67407,3544,327.8,2902,4187,"High"
"112001-3","MICO PALLOT","Arusha","Health Laboratory",-3.38373,36.67416,1743,160.4,1429,2058,"Moderate"
"111960-1","TAHFIFU","Arusha","Health Laboratory",-3.37467,36.67456,4147,383.3,3395,4898,"High"
"122847-7","ANNOINTING MEDICAL","Arusha","Dispensary",-3.40767,36.67525,3879,353.6,3186,4572,"High"
"121380-0","EL-SHADAI","Arusha","Dispensary",-3.36256,36.67537,3897,361.4,3188,4605,"High"
"111552-6","AFYA MAX","Arusha","Clinic",-3.365947,36.675616,3846,356.9,3147,4546,"High"
"111844-7","JOBI","Arusha","Dispensary",-3.375044,36.676086,3381,314.8,2764,3998,"High"
"124407-8","ARUSHA LIFECARE MEDICAL  CENTRE","Arusha","Health Laboratory",-3.37721,36.67611,3381,314.8,2764,3998,"High"
"107581-1","ST. ELIZABETH","Arusha","Hospital",-3.368883,36.677593,3571,329.8,2924,4217,"High"
"113542-5","MICO SAJE","Arusha","Dispensary",-3.430558,36.678524,10154,933.1,8325,11983,"Very High"
"124006-8","ST. MICHAEL HEALTH CARE","Arusha","Dispensary",-3.38433,36.67871,438,41,358,518,"Very Low"
"114498-9","BARAKA","Arusha","Dispensary",-3.403896,36.6787,2948,269,2421,3476,"Moderate"
"120261-3","FIRST CARE","Arusha","Dispensary",-3.39336,36.67896,1325,122,1086,1564,"Low"
"103490-9","LEVOLOSI","Arusha","Health Center",-3.37227,36.6799,2614,240.6,2142,3085,"Moderate"
"111983-3","NEEMA","Arusha","Health Laboratory",-3.37232,36.68052,2104,194.2,1723,2484,"Moderate"
"109516-5","NADOSOITO","Arusha","Dispensary",-3.493953,36.681011,7489,1899.1,3767,11211,"Very High"
"110726-7","SHAMAH","Arusha","Dispensary",-3.384721,36.681034,116,11,95,138,"Very Low"
"111965-0","ARUSHA JUNIOR","Arusha","Dispensary",-3.368606,36.681106,1769,163.3,1449,2089,"Moderate"
"101462-0","ITHNAASHERI CHARITABLE","Arusha","Clinic",-3.37424,36.68132,1472,136.4,1204,1739,"Moderate"
"101134-5","FARAJA","Arusha","Dispensary",-3.37231,36.68135,1149,106.7,939,1358,"Low"
"106358-5","NGARENARO","Arusha","Health Center",-3.37346,36.68146,917,85.4,750,1085,"Low"
"100188-2","ARUSHA LUTHERAN MEDICAL CENTRE CENTER","Arusha","Hospital",-3.36626,36.68231,558,51.8,456,660,"Very Low"
"106900-4","OLDONYO SAMBU","Arusha","Health Center",-3.15592001,36.68288001,4846,485.2,3895,5797,"High"
"101745-8","ILKREVI","Arusha","Dispensary",-3.37545,36.68302,612,56.6,501,723,"Low"
"123170-3","OLEMASEKE","Arusha","Dispensary",-3.35735,36.68373,438,40.1,359,516,"Very Low"
"113547-4","RESPECT","Arusha","Health Laboratory",-3.38497,36.68385,79,7.5,64,94,"Very Low"
"112314-0","SUNBEAM OPTICAL CENTRE","Arusha","Clinic",-3.374242,36.684171,824,75.7,676,972,"Low"
"104331-4","MARIE STOPES","Arusha","Dispensary",-3.375013,36.684394,397,36.8,325,469,"Very Low"
"109693-2","ZACI ILKIDING'A","Arusha","Dispensary",-3.32286,36.68443,2105,211.8,1690,2521,"Moderate"
"110921-4","ZEBRA","Arusha","Clinic",-3.366802,36.684627,606,56.3,496,716,"Very Low"
"111784-5","KIMAHAMA","Arusha","Clinic",-3.367506,36.68474,606,56.3,496,716,"Very Low"
"111486-7","NSK","Arusha","Hospital",-3.380651,36.684811,0,0,0,0,"Very Low"
"112317-3","STAR OPTOMETRY","Arusha","Clinic",-3.361102,36.684911,428,39.4,351,505,"Very Low"
"111964-3","CITY CENTRE","Arusha","Health Laboratory",-3.36786,36.68499,576,53.6,471,681,"Very Low"
"120922-0","PERFECT","Arusha","Dispensary",-3.34993,36.68501,1211,118.2,979,1443,"Low"
"101355-6","Heri","Arusha","Dispensary",-3.38638,36.68523,79,7.5,64,94,"Very Low"
"110723-4","HIGHWAY","Arusha","Dispensary",-3.3729,36.68527,559,52.1,457,661,"Very Low"
"100187-4","ARUSHA HEALTH CENTRE FOR WOMEN","Arusha","Health Center",-3.36106,36.68535,403,37.1,330,475,"Very Low"
"111966-8","AMANI GE","Arusha","Health Laboratory",-3.36825,36.68539,500,46.6,408,591,"Very Low"
"112315-7","SAMMY EYE CARE","Arusha","Clinic",-3.36999,36.685859,339,32,276,402,"Very Low"
"108580-2","SUNNI MUSLIM CHARITABLE","Arusha","Clinic",-3.37178,36.68668,1264,116.4,1036,1492,"Low"
"112836-2","LARUSA","Arusha","Clinic",-3.369451,36.686845,1346,123.6,1104,1589,"Moderate"
"121490-7","ILBORU SECONDARY","Arusha","Dispensary",-3.34715,36.68728,1142,111.2,924,1360,"Low"
"111958-5","CURARE","Arusha","Health Laboratory",-3.37033,36.68735,1346,123.6,1104,1589,"Moderate"
"100364-9","BIKIRA MARIA MAMA WA HURUMA","Arusha","Health Center",-3.36571,36.68761,388,35.8,317,458,"Very Low"
"109552-0","DARAJA II","Arusha","Health Center",-3.38057,36.68765,126,11.9,103,149,"Very Low"
"110727-5","SINONI","Arusha","Dispensary",-3.41708,36.6876,6293,576.3,5164,7423,"High"
"112316-5","VISION CARE","Arusha","Clinic",-3.37181,36.68789,951,88.6,777,1125,"Low"
"120877-6","TABASAMU","Arusha","Clinic",-3.3667,36.68798,996,92.5,815,1177,"Low"
"121972-4","METROPOLIS HEALTH CARE  TANZANIA LIMITED","Arusha","Health Laboratory",-3.36686,36.68834,965,89.8,789,1141,"Low"
"112000-5","LANCET","Arusha","Health Laboratory",-3.37264,36.68842,695,65,567,822,"Low"
"107637-1","ST. THOMAS","Arusha","Health Center",-3.372425,36.688475,511,48,417,605,"Very Low"
"102258-1","KALOLENI","Arusha","Health Center",-3.369322,36.688577,442,41.5,361,523,"Very Low"
"107442-6","SHREE HINDU","Arusha","Hospital",-3.37712,36.68922,264,24.9,215,312,"Very Low"
"101722-7","ILBORU","Arusha","Dispensary",-3.35361,36.68923,824,89.1,649,998,"Low"
"108577-8","AGA KHAN","Arusha","Clinic",-3.37077,36.68944,33,3.1,27,39,"Very Low"
"111491-7","JMS HUMAN HEALTH","Arusha","Dispensary",-3.365352,36.689535,0,0,0,0,"Very Low"
"101053-7","EBEN","Arusha","Dispensary",-3.36372,36.68965,0,0,0,0,"Very Low"
"110873-7","AVETI","Arusha","Clinic",-3.36314,36.69035,0,0,0,0,"Very Low"
"100909-1","COGI DARAJA II","Arusha","Dispensary",-3.387378,36.690832,306,28.7,250,362,"Very Low"
"113650-6","ILBORU","Arusha","Health Laboratory",-3.35787,36.69103,161,15.1,132,191,"Very Low"
"120769-5","MATONYORATA","Arusha","Dispensary",-3.1466,36.69138,4660,425.9,3826,5495,"High"
"122343-7","MKOMBOZI","Arusha","Clinic",-3.41733,36.69166,5874,537.6,4820,6927,"High"
"107008-5","POLICE","Arusha","Dispensary",-3.36811,36.69189,806,74,661,951,"Low"
"100918-2","COGI OLDONYOSAMBU","Arusha","Dispensary",-3.14588,36.69191,4660,425.9,3826,5495,"High"
"112918-8","BANK OF TANZANIA","Arusha","Clinic",-3.36951,36.69325,806,74,661,951,"Low"
"112318-1","VISION PERFECT LIMITED","Arusha","Clinic",-3.37217,36.69415,668,61.6,548,789,"Low"
"100190-8","ARUSHA SCHOOL","Arusha","Dispensary",-3.3742,36.69426,550,51,450,650,"Very Low"
"105316-4","MT. MERU","Arusha","Hospital",-3.36642,36.69498,226,21.2,185,268,"Very Low"
"107272-7","SANAWARI","Arusha","Dispensary",-3.362164,36.695852,411,38.1,336,485,"Very Low"
"122268-6","HEIN","Arusha","Clinic",-3.36193,36.69596,411,38.1,336,485,"Very Low"
"102269-8","KAM Med","Arusha","Health Center",-3.378285,36.696048,1388,126.7,1140,1637,"Moderate"
"113652-2","TRAS","Arusha","Health Laboratory",-3.35326,36.69612,548,56.5,437,658,"Very Low"
"113651-4","BLACA","Arusha","Health Laboratory",-3.35597,36.69614,138,12.8,113,163,"Very Low"
"111488-3","ST RAPHAEL","Arusha","Dispensary",-3.36065,36.69618,356,33.2,291,421,"Very Low"
"108118-1","UPENDO","Arusha","Dispensary",-3.360182,36.696237,332,31,271,393,"Very Low"
"106891-5","OLD ARUSHA","Arusha","Health Center",-3.37439,36.69686,748,68.7,614,883,"Low"
"101224-4","GLORIA","Arusha","Dispensary",-3.361671,36.697168,168,15.8,137,199,"Very Low"
"105112-7","MKONOO","Arusha","Health Center",-3.46341,36.69805,8306,749.6,6837,9776,"Very High"
"102981-8","KIOGA","Arusha","Dispensary",-3.32543,36.6982,1618,165,1295,1942,"Moderate"
"112930-3","MOYO MEDICARE","Arusha","Clinic",-3.364268,36.698327,446,41.2,365,527,"Very Low"
"113629-0","SMART","Arusha","Clinic",-3.37187,36.69877,589,54.5,482,696,"Very Low"
"113630-8","HAYAAT","Arusha","Clinic",-3.37051,36.69911,373,34.5,305,440,"Very Low"
"111223-4","TBL","Arusha","Dispensary",-3.38329,36.69911,933,86.2,764,1102,"Low"
"120897-4","HAYAAT","Arusha","Clinic",-3.37051,36.69912,253,23.5,207,299,"Very Low"
"109601-5","AICC","Arusha","Hospital",-3.37481,36.69946,912,84.1,747,1076,"Low"
"113628-2","HEALTH4ALL","Arusha","Clinic",-3.373656,36.699567,912,84.1,747,1076,"Low"
"114497-1","ST GEMA","Arusha","Health Center",-3.37477,36.69964,888,82,727,1049,"Low"
"113625-8","GEMSA","Arusha","Clinic",-3.37508,36.69968,871,80.3,713,1028,"Low"
"124385-6","ANGESCENCIA","Arusha","Dispensary",-3.33867,36.69987,1244,115.8,1017,1471,"Low"
"100192-4","ARUSHA X-RAY CENTRE","Arusha","Dispensary",-3.36579,36.699,60,5.7,49,71,"Very Low"
"105273-7","MOIVO","Arusha","Dispensary",-3.350111,36.70016,399,41.4,318,480,"Very Low"
"110721-8","FMM","Arusha","Clinic",-3.362834,36.7009,247,22.9,202,292,"Very Low"
"107817-9","THEMI","Arusha","Health Center",-3.39838,36.70107,3021,279.7,2473,3569,"Moderate"
"113552-4","AVINTA CARE","Arusha","Health Laboratory",-3.37622,36.7024,448,41.4,366,529,"Very Low"
"120339-7","AVINTACARE MEDICAL CENTRE","Arusha","Health Center",-3.375,36.7025,307,28.5,251,363,"Very Low"
"123643-9","ADN CARE","Arusha","Health Center",-3.37589,36.70298,307,28.5,251,363,"Very Low"
"123714-8","ROLAND HEALTH CARE","Arusha","Clinic",-3.39363,36.70389,2996,276.3,2454,3537,"Moderate"
"106904-6","OLDONYOWASI","Arusha","Dispensary",-3.16025001,36.703001,4291,380.2,3546,5036,"High"
"111974-2","SEKEI","Arusha","Health Laboratory",-3.36287,36.70447,314,28.8,258,370,"Very Low"
"113626-6","WANJIRO","Arusha","Health Laboratory",-3.416383,36.704574,6625,662.9,5326,7925,"Very High"
"112384-3","ARUSHA CITY","Arusha","Hospital",-3.419736,36.704657,6797,686,5452,8141,"Very High"
"107868-2","TOTAL CARE","Arusha","Health Center",-3.39064,36.70467,2420,222.7,1983,2856,"Moderate"
"123188-5","VISION CARE","Arusha","Clinic",-3.39788,36.70476,2918,270.4,2388,3448,"Moderate"
"111144-2","MOUNT MERU","Arusha","Dispensary",-3.362067,36.704846,482,54.2,375,588,"Very Low"
"120470-0","DELIGHT","Arusha","Clinic",-3.39329,36.70503,1625,150.1,1331,1919,"Moderate"
"123273-5","ST.BAJO","Arusha","Health Laboratory",-3.36133,36.70523,253,23.6,207,299,"Very Low"
"111996-5","SOFTMED","Arusha","Health Laboratory",-3.43811,36.70531,8326,859.8,6641,10011,"Very High"
"110919-8","WELL POINT","Arusha","Dispensary",-3.40508,36.705694,2068,191.7,1692,2444,"Moderate"
"111255-6","THE DENTAL PLAZA LIMITED","Arusha","Clinic",-3.40854,36.70658,2235,207.3,1829,2641,"Moderate"
"124144-7","GRAN MELIA ARUSHA","Arusha","Clinic",-3.37079,36.70698,301,28.9,244,357,"Very Low"
"113549-0","VICTORY","Arusha","Health Laboratory",-3.37681,36.70717,334,31.2,273,395,"Very Low"
"121779-3","KIVULUL","Arusha","Dispensary",-3.34075,36.70718,962,94.6,776,1147,"Low"
"110823-2","NJIRO SDA","Arusha","Dispensary",-3.40858,36.70727,2004,186.2,1639,2369,"Moderate"
"101379-6","HOLY FAMILY","Arusha","Clinic",-3.41223,36.70756,1669,153.9,1368,1971,"Moderate"
"123224-8","DII","Arusha","Clinic",-3.39384,36.70809,987,91.1,809,1166,"Low"
"102755-6","KIJENGE RC","Arusha","Dispensary",-3.3816,36.70815,753,70,615,890,"Low"
"121378-4","PHYSIOCARE","Arusha","Physiotherapy Clinic",-3.39398,36.70832,987,91.1,809,1166,"Low"
"124005-0","CITYSMILE","Arusha","Clinic",-3.38156,36.70945,753,70,615,890,"Low"
"106903-8","OLDONYOSAPUK","Arusha","Dispensary",-3.3292,36.7094,1127,103.8,924,1331,"Low"
"111959-3","BUTURI","Arusha","Health Laboratory",-3.38578,36.70966,683,63.4,559,807,"Low"
"110725-9","OLORIEN COMMUNITY","Arusha","Dispensary",-3.38774,36.71161,588,54.7,481,695,"Very Low"
"100675-8","CANOSSA","Arusha","Dispensary",-3.45802,36.71262,5954,544.5,4887,7021,"High"
"123541-5","SAFARI B","Arusha","Health Laboratory",-3.39156,36.71307,1098,100.5,901,1295,"Low"
"105727-2","MUUNGANO","Arusha","Dispensary",-3.45362,36.71341,5685,541.8,4623,6747,"High"
"109980-3","OLORIENI","Arusha","Dispensary",-3.385231,36.714165,682,63,559,805,"Low"
"114594-5","MOSHONO","Arusha","Health Center",-3.44421,36.7151,4674,484,3725,5623,"High"
"103589-8","LOSINONI","Arusha","Dispensary",-3.13209,36.72001,2874,472.8,1948,3801,"Moderate"
"106910-3","OLKEREYAN","Arusha","Dispensary",-3.43613,36.72062,3751,390.8,2985,4517,"High"
"106906-1","OLGILAI","Arusha","Dispensary",-3.34238,36.72191,1603,147.3,1314,1892,"Moderate"
"109983-7","KIMANDOLU","Arusha","Dispensary",-3.371417,36.722325,790,73.4,646,934,"Low"
"101121-2","FAITH","Arusha","Dispensary",-3.36737,36.72316,796,73.8,652,941,"Low"
"123183-6","YOUHEAL","Arusha","Clinic",-3.38578,36.72323,1660,155.1,1356,1964,"Moderate"
"122602-6","NORLAN","Arusha","Dispensary",-3.45573,36.72421,4717,470,3796,5639,"High"
"113632-4","FM HEALTH CARE","Arusha","Health Laboratory",-3.36734,36.72587,958,88.6,784,1131,"Low"
"113627-4","BETHELI","Arusha","Health Laboratory",-3.386244,36.726143,1951,183.9,1590,2311,"Moderate"
"112832-1","NGULELO","Arusha","Clinic",-3.36597,36.72672,961,89,786,1135,"Low"
"105312-3","MOSHONO","Arusha","Dispensary",-3.40497,36.7301,3606,422.4,2778,4434,"High"
"106388-2","NGIRES","Arusha","Dispensary",-3.33731,36.7346,1709,161.4,1393,2025,"Moderate"
"106898-0","OLDADAI","Arusha","Dispensary",-3.356071,36.73511,1488,138.7,1216,1760,"Moderate"
"121157-2","BARAA","Arusha","Dispensary",-3.37944,36.73552,2001,188.4,1632,2370,"Moderate"
"100320-1","BARAA RC","Arusha","Dispensary",-3.38882,36.73671,2338,220.7,1906,2771,"Moderate"
"113551-6","BARAA","Arusha","Health Laboratory",-3.37256,36.7378,1628,153.2,1328,1928,"Moderate"
"113631-6","QUBE","Arusha","Health Laboratory",-3.37452,36.73815,1180,108.7,967,1393,"Low"
"103088-1","KISERIANI","Arusha","Dispensary",-3.45026,36.73876,4642,478.1,3705,5579,"High"
"121619-1","UMOJA","Arusha","Dispensary",-3.33814,36.741954,1360,132.4,1100,1619,"Moderate"
"121675-3","NAMELOK","Arusha","Dispensary",-3.13514,36.74372,2887,129.9,2632,3141,"Moderate"
"120444-5","MIDAWE","Arusha","Dispensary",-3.340105,36.744204,1262,124.2,1018,1505,"Low"
"100309-4","BANGATA LUTHERAN","Arusha","Dispensary",-3.33582,36.74476,1260,123.8,1017,1503,"Low"
"114422-9","SAMARITAN VILLAGE","Arusha","Dispensary",-3.40194,36.74548,3220,373.8,2487,3953,"High"
"109790-6","TANGANYIKA PACKERS","Arusha","Dispensary",-3.408887,36.745975,3464,378.2,2723,4206,"High"
"100308-6","BANGATA","Arusha","Dispensary",-3.35845,36.74753,1187,109.6,972,1401,"Low"
"124256-9","ENGUTUKOITI","Arusha","Dispensary",-3.08383,36.74951,1221,48.8,1125,1316,"Low"
"105272-9","MOIVARO","Arusha","Health Center",-3.39281,36.7559,2163,320.8,1535,2792,"Moderate"
"112097-1","AMBRENI","Arusha","Dispensary",-3.36819,36.75618,1301,150.3,1006,1595,"Low"
"113658-9","SAKIM","Arusha","Health Laboratory",-3.37348,36.75667,1088,130.6,832,1343,"Low"
"120895-8","SUNSHINE","Arusha","Dispensary",-3.40321,36.75906,2318,318.1,1694,2941,"Moderate"
"124131-4","VISION","Arusha","Dispensary",-3.37538,36.76402,864,195.8,480,1248,"Low"
"114856-8","KISIMIRI JUU","Arusha","Dispensary",-3.14946,36.76932,1726,220.1,1295,2157,"Moderate"
"124254-4","KIGONGONI","Arusha","Dispensary",-3.53682,36.77853,881,26.5,829,933,"Low"
"107818-7","THEMI YA SIMBA","Arusha","Dispensary",-3.58101,36.78534001,3130,71.1,2991,3270,"High"
"105192-9","MLANGARINI","Arusha","Dispensary",-3.44595,36.78874,5105,616.9,3896,6314,"High"
"106287-6","NDURUMA","Arusha","Health Center",-3.48004,36.79311,6345,976.8,4430,8259,"High"
"104228-2","MANDELA","Arusha","Dispensary",-3.400079,36.798478,2000,304,1404,2596,"Moderate"
"104283-7","MANYIRE","Arusha","Dispensary",-3.457352,36.805677,5969,793.4,4414,7524,"High"
"124259-3","SONGAMBELE","Arusha","Health Center",-3.55963,36.81094,3274,372.3,2545,4004,"High"
"105691-0","MUNGUSH","Arusha","Dispensary",-3.53059,36.83493,4087,242,3613,4562,"High"
"100654-3","BWAWANI","Arusha","Dispensary",-3.60778,36.84283,4268,234.8,3808,4729,"High"
"104065-8","MAJIMOTO","Arusha","Dispensary",-3.495187,36.852856,4220,371.4,3493,4948,"High"
"112313-2","KIVULINI","Arusha","Health Center",-3.51706,36.87044,1870,184.6,1508,2232,"Moderate"
