facility_code,facility_name,admin1,admin2,facility_type,latitude,longitude,pop_5km,pop_10km
830217-6,MEDLASS IMAGING,Greater Gaborone,NA,Individual practitioner,-24.670696,25.911535,57472,151758
953200-3,Moko Clinic,Mahalapye,NA,Clinic,-23.09,26.09,183,1053
758514-4,Dr F Le Roux Medical Services,NA,NA,Individual practitioner,-21.331968,24.3591552,62,262
974794-0,THE X-RAY HUB,Lobatse,NA,Poly Clinic,-25.2136,25.675759,67517,98080
509384-4,Ent Care (Pty)Ltd,Kweneng East,NA,Individual practitioner,-24.34522,25.502103,15880,53227
863148-3,St Joseph's Medical Center,Greater Francistown,NA,Individual practitioner,-21.4216508,27.4491584,12262,17982
481025-5,Karakubis Clinic,Charleshill,NA,Clinic,-22.089597565728592,20.61586926315118,661,1118
435638-2,Optical Services Pty Ltd,Greater Francistown,NA,Individual practitioner,-21.1676,27.51103,94823,124845
304543-2,24 HR EMERGENCY MEDICAL CARE,Chobe,NA,Poly Clinic,-17.806833,25.240925,3350,6190
556191-5,Dr Kadiyala Surgery,South East,NA,Day care center,-24.6311,25.9173,63837,186079
832969-0,POHA BDF Health Post,Chobe,NA,Health Post,-19.532249,23.657797,143,681
192292-1,Nkaikela Youth Group,South East,NA,Group practice,-24.865005,25.864785,23794,33506
119333-3,TOCHI MEDICAL CENTRE,Lobatse,NA,Individual practitioner,-25.22597,25.67053,63789,98417
856575-6,Optico centre Tutume,Tutume,NA,Group practice,-20.489323,27.041246,11040,15443
116257-7,Bonesa Radiology Centre,Kweneng East,NA,Group practice,-24.46423,25.524344,989,32382
523937-1,Elikya Medical Centre,Ghanzi,NA,Individual practitioner,-21.69235,21.64773,2063,2690
936043-9,Dinovi Private Medical Clinic,Kgalagadi North,NA,Individual practitioner,-23.676294,22.775468,890,1182
237583-0,Phitshane Potlokwe Health Post,Goodhope,NA,Health Post,-25.505872,25.579271,9516,22205
753290-6,Jwaneng Mine Hospital,Jwaneng,NA,Private Hospital,-24.5956902,24.7311362,1673,2683
559369-4,Highway Medical Centre,Greater Francistown,NA,Day care center,-21.422303,27.4407048,12095,17980
528988-9,Francistown Academic Hospital,Greater Francistown,NA,Private Hospital,-21.2346019,27.49348,15534,96312
989336-3,New Xanagas/Tsawe Health Post,Charleshill,NA,Health Post,-22.43133295615408,20.65414908753291,186,458
807112-8,Toro Clinic,Palapye,NA,Individual practitioner,-22.560513,27.081601,11798,23068
402141-6,Bophelong Medical Clinic,Greater Gaborone,NA,Individual practitioner,-21.1672276,26.419389,477,1914
113048-3,Riverside Hospital,Greater Francistown,NA,Private Hospital,-21.1629605097981,27.513075181445217,93802,124733
224970-4,Xanagas Health Post,Charleshill,NA,Health Post,-22.193453757949992,20.316990281028293,217,525
713688-0,MEDICALLIC ENTERPRISES T/A DR RJ BREDENKAMP,Ghanzi,NA,Individual practitioner,-21.69582,21.65038,2073,2696
894684-0,Mankgodi Clinic,Kweneng East,NA,Clinic,-24.720952,25.638084,1901,8158
540264-1,BIDII MEDICAL SERVICES,Greater Gaborone,NA,Individual practitioner,-21.184512,27.5316736,74877,124894
272170-2,Palapye Medical Centre,Greater Gaborone,NA,Individual practitioner,-21.3119942,25.4022706,8368,12655
836692-4,MMADINARE MEDICAL CENTER,Phikwe,NA,Individual practitioner,-21.422,25.5882,6573,8859
917198-4,Dr Mohammed Ejaz Habib,Greater Gaborone,NA,Individual practitioner,-23.1118146,26.8336004,16034,20740
703564-5,The Medical Plaza,Lobatse,NA,Poly Clinic,-25.22308,25.6696,63731,98574
277435-4,Delgado Spinal Health Clinic,Greater Gaborone,NA,Individual practitioner,-22.5768609,27.0813166,8502,22937
249073-8,Phikwe Private Day Clinic,Phikwe,NA,Individual practitioner,-21.975612,27.848403,46884,55097
537111-7,ZOWA CLINICAL LABORATORIES,Boteti,NA,Individual practitioner,-24.6677504,25.88672,56020,153208
357247-6,Dr Miko Private Clinic,Tutume,NA,Individual practitioner,-20.122678,27.219696,3576,4754
411806-3,Phase 2 Clinic,Greater Gaborone,NA,Clinic,-24.643,25.8966,67699,179080
929790-4,Joretti Medical Centre,Okavango,NA,Individual practitioner,-23.1681782,24.5928742,0,2
46988-2,Mudili Medical Centre,Greater Gaborone,NA,Individual practitioner,-24.383501,25.53875,41754,62954
262838-6,Smart Pharmacy: Human and Vet. Medicines,Ghanzi,NA,Individual practitioner,-21.6942515,21.651082,2079,2696
160961-9,Trusted Care Medical Centre,Serowe,NA,Individual practitioner,-22.38932967,26.70342467,12535,22118
307204-8,Bozogo clinic,Ghanzi,NA,Individual practitioner,-21.696091,21.650185,2072,2696
984432-5,PHARMAZONE,Greater Gaborone,NA,Individual practitioner,-24.67513,25.92211,54136,144262
633090-6,Kiran Medical Centre,Greater Gaborone,NA,Individual practitioner,-24.63687,25.89357,66654,182715
935580-1,CAMAD INVESTMENT (PTY) LTD,Greater Gaborone,NA,Individual practitioner,-24.6282079,25.9231471,61660,185875
167969-5,Vitality,Kweneng East,NA,Private Hospital,-24.390198,25.485768,12507,49262
745542-1,BETHESDA MEDICAL CENTRE,Greater Gaborone,NA,Individual practitioner,-21.1746816,27.5185664,92679,124943
448842-5,Letlhakane Dental Clinic,Greater Gaborone,NA,Individual practitioner,-21.42399,25.592016,6506,8841
797955-2,PURE SIGHT OPTOMETRISTS,Greater Gaborone,NA,Individual practitioner,-22.5334445,27.0890602,13486,22050
925634-8,OM PHYSIOTHERAPHY CLINIC PTY LTD,Greater Gaborone,NA,Individual practitioner,-22.5474382,27.0848546,13545,22600
206715-5,DAZZLING GRINS DENTAL CLINIC,Ghanzi,NA,Individual practitioner,-21.696164,21.650212,2072,2696
605051-2,Shady Eyes Optometrist,Ghanzi,NA,Individual practitioner,-21.69493,21.6531,2086,2699
167159-3,Junction Physiotherapy,Serowe,NA,Individual practitioner,-22.38754,26.71077,13019,22256
61986-6,Mowana Copper Mine Clinic,Tutume,NA,Individual practitioner,-20.521754,26.600861,605,1884
821498-3,Hilltop Medical Centre,Greater Gaborone,NA,Group practice,-24.658364,25.915761,63869,160843
326727-5,YOUR FAMILY DENTIST DENTAL CLINIC,Ghanzi,NA,Individual practitioner,-21.6950971215,21.652787107200002,2085,2699
904700-2,Tutume Pharmacy,Tutume,NA,Individual practitioner,-20.489346,27.041418,11041,15445
774086-3,Juliana Kalafi Clinic,Serowe,NA,Individual practitioner,-22.39103,26.70938,13490,22324
244149-1,Katlotla Physiotherapy Clinic,Ghanzi,NA,Individual practitioner,-21.695028,21.653052,2086,2699
286856-0,Pathview Laboratory,Ghanzi,NA,Individual practitioner,-21.693105929829308,21.64998169129182,2075,2694
623658-2,Quali-Med Laboratories,Lobatse,NA,Poly Clinic,-25.2246637,25.6694065,63334,98538
931356-0,NEW HOPE PRIVATE CLINIC,Chobe,NA,Individual practitioner,-17.792446,25.155893,2877,5028
937506-4,Nata Medical Care,Tutume,NA,Individual practitioner,-20.2010898,26.1820085,4646,6552
291112-1,Dr ABBA MF,Lobatse,NA,Individual practitioner,-25.22845,25.66751,61217,98444
206058-0,Wapula Medical Centre,Serowe,NA,Individual practitioner,-22.38754,26.71077,13019,22256
982648-8,Botswana Ash mine clinic,Tutume,NA,Private Hospital,-20.52653,26.0594,295,811
643382-5,Selibe Phikwe BDF Clinic,Phikwe,NA,Clinic,-21.919072081760927,27.86430605320641,3485,45051
998774-4,Gantsi Primary Hospital,Ghanzi,NA,Primary Hospital,-21.70966,21.631743,1919,2652
717471-7,Mothamo CJSS Clinic,Serowe,NA,Clinic,-22.641166,26.397377,1004,2298
477319-8,Pamper Inc (Pty) Ltd T/A Holistic Physio & Fitness Clinic,Palapye,NA,Individual practitioner,-22.5398279,27.0874429,13842,22272
89938-5,Lordsland Medical Center,Greater Francistown,NA,Poly Clinic,-21.1701503,27.5154607,94768,124868
370683-5,XPERT IMAGING CLINIC,Greater Gaborone,NA,Individual practitioner,-24.643918,25.931242,64082,167909
168242-6,BOCHAIP,South East,NA,Group practice,-24.8597791,25.8497607,26480,34738
886589-1,Medical Diagnostic Imaging Centre,Greater Gaborone,NA,Individual practitioner,-24.6513664,25.9227648,65297,164906
667055-8,Rapid Care Physiotherapy,Kweneng East,NA,Individual practitioner,-24.24328,25.30562,1289,2676
910859-8,Eye Sight Clinic,South East,NA,Individual practitioner,-24.8756987,25.8754166,20908,31988
474791-1,ALL RIGHT PHARMACY,Phikwe,NA,Individual practitioner,-21.975944,27.840084,46286,55293
325783-9,D'kar Health Post,Ghanzi,NA,Health Post,-21.518951,21.947239,458,786
886922-4,AO Molepolole Clinic,Kweneng East,NA,Private Hospital,-24.390198,25.485768,12507,49262
971240-7,Premium Medical Centre,Greater Gaborone,NA,Individual practitioner,-24.66003,25.9161,63171,159235
128761-4,UNIVERSAL FAMILY CLINIC,Kweneng East,NA,Poly Clinic,-24.405846,25.508883,20441,56466
983793-1,Proland medical centre,Tutume,NA,Individual practitioner,-20.210305,26.177336,4628,6449
242824-1,Life Centre Clinic,South East,NA,Individual practitioner,-24.8762363,25.8749378,20943,32009
568467-5,Diagnofirm Medical Laboratories,Serowe,NA,Group practice,-22.39278,26.711801,13977,22402
380519-9,Serowe Eye Care,Serowe,NA,Individual practitioner,-22.403794,26.707013,14463,22503
484729-9,Sidilega Private Hospital,Greater Gaborone,NA,Private Hospital,-24.620346,25.900573,61455,189347
195535-0,PROCARE PHARMACY,Boteti,NA,Individual practitioner,-21.41248,25.58248,6653,8983
972870-0,Marang Dental Care,South East,NA,Individual practitioner,-24.85886256666667,25.869214066666668,23035,33437
762599-9,Covenant Medical Centre Shakawe,Okavango,NA,Individual practitioner,-18.3602119,21.83784136,2066,4876
797724-2,Pharm-Mart Pharmacy,Kweneng East,NA,Private Hospital,-24.405846,25.508883,20441,56466
602729-6,BMC Clinic (factory),Lobatse,NA,Clinic,-25.21667,25.66667,62364,98864
380553-8,F/town Prisons (Sickbay) Clinic,Greater Francistown,NA,Clinic,-21.154764203113928,27.50455657231654,85917,124578
361071-4,Kubung,Kweneng East,NA,Health Post,-24.64783,25.3303,756,2287
111181-4,Jordan River of life clinic,Goodhope,NA,Individual practitioner,-25.47029,25.59661,13848,22315
884477-1,DrK Travel Clinic,Greater Gaborone,NA,Individual practitioner,-24.64258,25.92125,65644,175034
503447-5,Kasane Prisons Health Post,Chobe,NA,Clinic,-17.803307,25.149164,2915,4909
687486-1,Mahalapye Prisons Clinic,Mahalapye,NA,Clinic,-23.114351622246726,26.857731338855334,12241,20526
802098-4,Diagnofirm Medical Laboratory,Chobe,NA,Individual practitioner,-17.80652,25.24085,3351,6188
815249-8,Roadside Pharmacy,Palapye,NA,Individual practitioner,-22.5379418,27.1045781,15182,22065
79831-4,UB (Main Campus) Clinic,South East,NA,Clinic,-24.658485,25.937288,61754,150552
98381-7,THUSONG SURGERY PTY LTD,Greater Francistown,NA,Individual practitioner,-21.069086,27.485922,1314,41295
847194-8,Life Line Medical Clinic,Greater Gaborone,NA,Individual practitioner,-24.618075,25.88433,61726,182040
306812-9,Sekgoma Memorial Hospital,Serowe,NA,District Hospital,-22.423437,26.757355,10890,21627
214623-1,Selebi Phikwe Government Hospital,Phikwe,NA,District Hospital,-21.97237,27.833569,43443,55090
96304-1,serowe optician,Serowe,NA,Individual practitioner,-22.3882,26.7041,12428,22100
148454-2,Tutume Primary Hospital,Tutume,NA,Primary Hospital,-20.489979,27.045552,11023,15498
625958-4,Masunga Primary  Hospital,North East,NA,Primary Hospital,-20.616012,27.44204,3815,6306
215428-4,Hukuntsi Primary Hospital,Kgalagadi North,NA,Primary Hospital,-23.998179,21.796253,750,1605
755538-6,Bobonong Primary Hospital,Bobirwa,NA,Primary Hospital,-21.963966,28.419894,4429,6947
488869-9,Mmadinare Primary Hospital,Phikwe,NA,Primary Hospital,-21.868293,27.754656,5150,7066
163606-7,Tsabong Primary Hospital,Kgalagadi south,NA,Primary Hospital,-26.023748,22.399752,2963,3940
473132-9,Rakops Primary Hospital,Boteti,NA,Primary Hospital,-21.037972,24.41243,761,1594
257736-9,Nkaikela Health Post,Greater Gaborone,NA,Health Post,-24.67294,25.97526,39150,105659
333826-6,LA VISTA MEDICAL CENTRE,Boteti,NA,Individual practitioner,-21.42612,25.57948,6457,8855
749268-9,Lesirane Clinic,Kweneng East,NA,Clinic with Maternity,-24.6254,25.8552,52002,166046
298782-4,Charleshill Clinic,Charleshill,NA,Clinic with Maternity,-22.27519699873086,20.067829953045525,1245,1964
827088-6,Tonota Clinic,Greater Francistown,NA,Clinic with Maternity,-21.441143,27.457372,10637,17789
265991-0,Letlhakeng Clinic,Kweneng West,NA,Clinic with Maternity,-24.099881,25.024007,989,1869
791197-7,Mabutsane Clinic,Mabutsane,NA,Clinic with Maternity,-24.396071,23.577519,661,921
804105-5,The Eye Spot,Phikwe,NA,Private Hospital,-21.975497,27.842542,46546,55211
542996-4,VICTORIA MEDICAL CENTRE,Tutume,NA,Individual practitioner,-20.489411,27.04009,11041,15433
399472-0,Nata Clinic,Tutume,NA,Clinic with Maternity,-20.20806,26.203058,4504,6483
244471-9,Sowa Clinic,Tutume,NA,Clinic with Maternity,-20.564138,26.221444,1477,3304
490102-1,Kang Clinic,Kgalagadi North,NA,Clinic,-23.670673,22.788958,900,1180
961057-7,EU 7  Clinic,Jwaneng,NA,Clinic,-24.594065,24.747712,1579,2714
522501-6,SARONA HEALTH CLINIC,Greater Gaborone,NA,Poly Clinic,-24.61410530522302,25.948381462632103,48053,170738
353408-8,BONGAKA HEALTH,Greater Gaborone,NA,Individual practitioner,-24.6595939,25.9288518,62608,154078
966383-2,Peo Clinical Psychology Consultancy - Peo Psych,South East,NA,Individual practitioner,-24.653257,25.906792,66053,168726
646835-9,Dr CLEMENT CLINIC,Palapye,NA,Individual practitioner,-22.556046,27.131014,12903,21669
74820-2,Optifocus,Kweneng East,NA,Individual practitioner,-24.4080288,25.5116696,20775,56820
725535-9,TEBELOPELO,Kanye,NA,Group practice,-24.975976,25.341329000000002,24709,34555
116156-1,Bakwena Pharmacy,Kweneng East,NA,Individual practitioner,-24.514321,25.701281,2836,13073
867623-1,Medi-Perfect Pharmacy Mochudi,Kgatleng,NA,Individual practitioner,-24.3981,26.144985,22221,42585
579437-5,SPECIALIST SURGICAL SERVICES,Greater Gaborone,NA,Individual practitioner,-24.6548,25.9073,65568,167058
581549-3,Francistown Clinic,Greater Francistown,NA,Individual practitioner,-21.1637897,27.5094116,93277,124772
501936-9,R.Mokgachane Physiotherapy Clinic,Greater Francistown,NA,Individual practitioner,-21.16231,27.514,93627,124711
353994-7,Ewin Medical Services,Greater Gaborone,NA,Individual practitioner,-24.6437,25.9112,67065,177063
1041689-9,KARIBU MEDICAL CENTRE,Greater Gaborone,NA,Individual practitioner,-21.1672276,26.419389,477,1914
962659-9,FIRST CARE PHARMACY,Greater Gaborone,NA,Individual practitioner,-22.54289537,27.08763827,13972,22406
602523-3,BLM DENTAL CLINIC,Kgatleng,NA,Individual practitioner,-24.394279,26.145249,22572,42429
297614-0,Gopong Health Post,Mabutsane,NA,Health Post,-25.306615,25.573537,5889,20217
540778-8,NDEBORA MEDICAL CENTRE,Jwaneng,NA,Individual practitioner,-24.6042805,24.72842212,1651,2706
892124-9,MASA MEDICAL CLINIC,Greater Gaborone,NA,Individual practitioner,-21.1672276,26.419389,477,1914
669911-0,Carine SMET-SANTENS Psychology Practice,South East,NA,Group practice,-24.6382592,25.9227648,64817,178444
708736-4,Orthomed Prosthetics Orthotics Clinic,Greater Gaborone,NA,Individual practitioner,-24.6611968,25.8736128,56471,153770
472023-1,Pandamatenga Clinic,Chobe,NA,Clinic with Maternity,-19.532168,23.656466000000002,142,678
516779-6,Negussie and Kidist Anaesthesia services,Kweneng East,NA,Individual practitioner,-24.5883043,25.8403346,51678,135501
641062-5,Avivenna Maternal & Child Health & Wellness Clinic,Greater Gaborone,NA,Group practice,-24.6427038,25.9211657,65667,174943
256806-1,Benedicte Medical Clinic,Kanye,NA,Individual practitioner,-24.969812,25.325713,23942,34627
689860-5,MED-PARK PHARMACY,Greater Gaborone,NA,Individual practitioner,-24.6414206,25.9113084,66941,179194
215882-2,KARONG CLINICS,Greater Gaborone,NA,Day care center,-24.65416,25.9211,64913,162788
257458-0,Active Town Physiotherapy Clinic,Jwaneng,NA,Individual practitioner,-24.600867,24.600867,124,519
624090-7,Molepolole College of Education,Kweneng East,NA,Clinic,-24.41654,25.489933,7713,47259
849480-9,Smart Pharmacy,South East,NA,Individual practitioner,-24.8663604,25.8616032,24271,33682
735075-4,EYELIGHT OPTOMETRIST,Kgatleng,NA,Individual practitioner,-24.641536,25.9129344,66736,178758
916214-0,HEALTH SCOPE MEDICAL,Lobatse,NA,Poly Clinic,-24.5994227,24.7289225,1664,2668
418708-4,master code pty ltd t/a radio diagnosis,Greater Gaborone,NA,Individual practitioner,-24.6317056,25.8965504,65603,185427
988351-3,DR. KIRIGITI PRIVATE CLINIC,Greater Gaborone,NA,Individual practitioner,-24.670588,25.911484,57540,151858
67448-1,DR LOUIS TALJAARD,Palapye,NA,Individual practitioner,-22.551745,27.114495,15411,22382
181398-9,Square Pharmacy,Kweneng East,NA,Individual practitioner,-24.390198,25.485768,12507,49262
864865-1,NEOVISION EYE CLINIC,NA,NA,Individual practitioner,-24.6218752,25.8932736,62490,186262
198785-8,Aiden Dental Care,Serowe,NA,Individual practitioner,-22.424924604400957,26.75393927990733,11322,21787
239899-8,MASUNGA MEDICAL SERVICES,North East,NA,Individual practitioner,-20.62427,27.4437,3798,6284
436373-5,Kaelo Medical Emerging,Greater Gaborone,NA,Individual practitioner,-24.6851571,25.9740898,34602,95699
145828-0,SUPREME CARE PHARMACY,Kgatleng,NA,Individual practitioner,-24.6641,25.9075,61243,158119
547122-3,Magee Medical Imaging Pty Ltd,Greater Gaborone,NA,Individual practitioner,-24.6364471,25.9226652,64403,180082
187291-0,DATI PAEDIATRIC CLINIC,NA,NA,Individual practitioner,-21.1682697,27.515379,94924,124826
927399-6,RAS-PULLA DENTAL CLINIC,Greater Gaborone,NA,Poly Clinic,-24.67,25.9,56935,153552
23363-5,Eye Masters Optician,Kweneng East,NA,Group practice,-24.40958,25.4965,11364,51788
707382-8,AUTHENTIC SMILE,Greater Gaborone,NA,Individual practitioner,-24.6284288,25.9129344,63617,188313
58597-6,MCH SURGICAL CLINIC,Greater Francistown,NA,Individual practitioner,-21.234349,27.49371,15899,96628
661310-3,Fodisa Medical Hub,Greater Gaborone,NA,Individual practitioner,-24.7044,25.8973,30012,110898
430772-4,Chidzanami Pharmacy Pty ltd,NA,NA,Individual practitioner,-21.1664481,27.5106102,94537,124823
861895-1,Test Rite Consulting Group,Greater Gaborone,NA,Individual practitioner,-24.6382592,25.9227648,64817,178444
111442-0,KORAK PHYSIOTHERAPY,Greater Gaborone,NA,Individual practitioner,-24.64201,25.92074,65666,175836
32636-3,Mohaung Medical Centre,Serowe,NA,Individual practitioner,-22.4249246044009,26.753939279907,11322,21787
955054-2,Kgato Paediatrics Clinic,Greater Gaborone,NA,Individual practitioner,-24.6526,25.92876,64554,160680
557437-1,Dermadee Skin Care Centre,Greater Gaborone,NA,Individual practitioner,-24.6539173,25.9043672,66033,168651
699501-3,Ultimate Physiotherapy,Kweneng East,NA,Individual practitioner,-24.408145,25.513221,21701,57115
907515-1,Motsentshe Health Post,Goodhope,NA,Health Post,-25.385333,25.364388,1393,10130
809338-7,Satelite Private Medical Clinic,Greater Francistown,NA,Day care center,-21.169458,27.169458,289,2588
383081-7,Hopewell Medical Center,Bobirwa,NA,Individual practitioner,-22.1815144,27.969637,2828,4099
738301-1,Avenue Medical Centre,Greater Gaborone,NA,Group practice,-24.6542232,25.9204589,64929,163006
266813-5,AA Physiotherapy And Rehabilitation,Phikwe,NA,Individual practitioner,-21.975588,27.83734,45637,55306
803293-0,24 HOUR EM CLINIC,South East,NA,Individual practitioner,-24.55882,25.97973,33163,93768
628805-4,FASHION EYE WEAR OPTICIANS,NA,NA,Group practice,-24.6437,25.9112,67065,177063
518534-3,FLAME LILY PHYSIOTHERAPY,NA,NA,Individual practitioner,-21.2001838,27.5135526,70195,122873
890747-9,FRANCISTOWN OPTICIANS,NA,NA,Individual practitioner,-24.6284288,25.9227648,61831,185914
102362-1,MEDICOS PHARMACY,Greater Gaborone,NA,Individual practitioner,-24.6349824,25.9457024,57228,163770
297631-4,Cedmol Medical Clinical,Greater Gaborone,NA,Individual practitioner,-24.60508,25.90176,56042,187157
439437-5,KAMLOOPS MEDICAL CENTRE,South East,NA,Individual practitioner,-21.95672,26.52378,295,1116
876071-2,PALAPYE MEDICAL CENTRE,Palapye,NA,Private Hospital,-22.5560481,27.1339824,12249,21475
694165-2,LEFIKA DETAL CLINIC,Greater Francistown,NA,Individual practitioner,-21.176929,27.510513,93465,125093
814699-5,LUMACARE SURGINNOVATE,South East,NA,Individual practitioner,-24.65100632949506,25.9450070045659,61098,151697
958207-3,ANGEL PRIVATE CLINIC,North East,NA,Individual practitioner,-20.61979,27.44463,3822,6312
559900-6,PHARMALULU WESTGATE,Greater Gaborone,NA,Group practice,-24.6372307,25.8937873,66753,182575
489451-5,MALL SCAN CENTRE,South East,NA,Individual practitioner,-24.6284288,25.9227648,61831,185914
280883-0,Mashalaba Surgery,Greater Gaborone,NA,Individual practitioner,-24.6150212,25.9349621,52633,183678
42380-6,BETHESDA MEDICAL CENTRE,Palapye,NA,Individual practitioner,-22.551487,27.11471,15408,22360
643159-7,Diagnofirm Medical Laboratories,South East,NA,Individual practitioner,-24.8620123,25.8597851,24786,34014
544235-5,L B K PHYSIO CLINIC,Greater Gaborone,NA,Individual practitioner,-24.6684359,25.9422041,55818,138906
554578-5,LIFECHARGE PHYSIO & REHAB,Greater Gaborone,NA,Individual practitioner,-24.569478,25.975019,35522,107566
442567-4,AQUA-SPRAY MEDICAL CENTRE,Greater Francistown,NA,Individual practitioner,-21.200449,27.522058,66820,122945
898454-4,Dr Kayidala Surgery,Greater Gaborone,NA,Individual practitioner,-24.631325,25.917318,63905,185929
751091-0,LESEDING MEDICAL CENTER,Greater Francistown,NA,Individual practitioner,-21.168284,27.515549,94898,124825
61832-2,THEBE HEALTHCARE PTY LTD,South East,NA,Individual practitioner,-24.62808,25.923147,61607,185952
573315-9,SARAI HOLISTIC CARE,Greater Francistown,NA,Individual practitioner,-21.168868,27.512845,95102,124861
991010-0,Gaborone Biokinetics,South East,NA,Individual practitioner,-24.650695,25.909834,66446,170471
969938-0,MOSIME OPTOMETRISTS,Palapye,NA,Group practice,-22.5514,27.11471,15410,22356
525629-2,Mochudi Pharmacy,Kgatleng,NA,Individual practitioner,-24.392995,26.141159,22944,43029
26202-2,Physio Fanatics,Greater Gaborone,NA,Individual practitioner,-24.56415,25.974295,34528,102845
424792-0,AO BROADHURST CLINIC,Greater Gaborone,NA,Individual practitioner,-24.626778,25.936659,57244,178089
463070-3,Ramotswa Pharmacy,South East,NA,Individual practitioner,-24.862579,25.85694,25264,34180
448768-2,HUKUNTSI PRIVATE CLINIC,Kgalagadi North,NA,Individual practitioner,-23.998261,21.779926,771,1489
692352-8,KARIBU MEDICAL CENTRE,Boteti,NA,Individual practitioner,-21.40949,25.57867,6613,9060
139415-4,MOUPULE POWER STATION CLINIC,Palapye,NA,Private Hospital,-22.52,27.036667,4469,16575
640135-0,FUN DENTAL CLINIC,Jwaneng,NA,Individual practitioner,-24.600936,24.600936,124,519
241358-1,Spring Healthcare,Greater Francistown,NA,Private Hospital,-21.171129,27.50024,89792,124923
522704-6,RABAH PHYSIO,Greater Gaborone,NA,Individual practitioner,-24.6685987,25.9329042,57465,144350
791970-7,RELD MED PHARMACY,NA,NA,Individual practitioner,-21.16363931,27.50946657,93225,124769
600045-9,Storkfort Health,Greater Gaborone,NA,Poly Clinic,-24.668499481106068,25.9447532628593,55077,137161
389952-3,Manwell Dental Surgery,Phikwe,NA,Individual practitioner,-21.975577,27.837395,45646,55304
262865-9,SPARKLE DENTAL CLINIC,Greater Gaborone,NA,Individual practitioner,-24.629,25.9345,58918,178424
543125-9,DEAL MART,Greater Gaborone,NA,Group practice,-24.6641,25.9074,61243,158136
551055-7,ADVENTIST HEALTH SERVICES CLINIC,Greater Gaborone,NA,Poly Clinic,-24.6502575,25.9117436,66379,170330
332350-8,Ramotswa Imaging Centre,South East,NA,Individual practitioner,-24.8620123,25.8597851,24786,34014
746029-8,MASA MEDICAL CLINIC,Palapye,NA,Individual practitioner,-22.551487,27.11471,15408,22360
353920-2,My Life Pharmacy,Kanye,NA,Individual practitioner,-24.985599,25.342961,24364,34339
394645-6,DIAGNOFIRM MEDICAL LABORATORIES,Greater Gaborone,NA,Individual practitioner,-24.6874112,25.8932736,43234,134230
730486-8,Dr Khan Surgery,South East,NA,Individual practitioner,-24.665082,25.9157949,60759,155114
927877-1,DR L.D MAHLOANE,Greater Gaborone,NA,Individual practitioner,-24.65792,25.8736128,58094,157520
755274-8,Broadvision Eye Clinic,Greater Francistown,NA,Individual practitioner,-21.170069,27.51308,95053,124886
260292-8,Jobet Medical Center,Kgatleng,NA,Individual practitioner,-24.394366,26.143586,22707,42703
777882-2,Jwaneng Medical Centre,Jwaneng,NA,Individual practitioner,-24.728477,24.728048,3256,13047
793981-2,TSHIDILONG PHYSIOTHERAPY,Greater Gaborone,NA,Individual practitioner,-24.6349824,25.9260416,63282,179591
432400-0,VALUE CHAIN NETWORK,Greater Gaborone,NA,Individual practitioner,-24.620302,25.9005543,61439,189347
239175-3,KT HEALTHCARE PRIVATE MEDICAL CLINIC,Kgatleng,NA,Individual practitioner,-24.405574,26.119557,22089,46744
449436-5,Ngami Physiotherapy Clinic,Ngami,NA,Individual practitioner,-19.98683717,23.42477576,14897,23859
793861-6,Espoir Clinic,Goodhope,NA,Individual practitioner,-25.47048,25.44276,13879,23043
589011-6,Frida B-D Occupational Therapy Centre,Greater Gaborone,NA,Individual practitioner,-24.6693253,25.9315888,57183,144459
201781-2,JWANENG EYE CARE,Jwaneng,NA,Individual practitioner,-24.6061585,24.727929,1648,2749
80234-8,BUMMHI,Kanye,NA,Group practice,-24.975248,25.305646,20515,33988
310096-3,Physio Back to normal,Serowe,NA,Individual practitioner,-22.424924604400957,26.75393927990733,11322,21787
370657-9,Sepako Health Post,Tutume,NA,Health Post,-19.865742,26.49178,555,1454
86458-7,Integral Medical Center,Lobatse,NA,Individual practitioner,-25.228202,25.6684922,61980,98413
226320-0,Matsha Medical Center,Kgalagadi south,NA,Individual practitioner,-26.0222219,22.4000585,2957,3940
69298-8,YOUR CHEMIST,South East,NA,Individual practitioner,-24.66255,25.90511,62105,159926
204899-9,ORISTONE MEDICAL CLINIC,Lobatse,NA,Individual practitioner,-24.9791745,25.3359064,25284,34521
306748-5,Dental Hub,South East,NA,Group practice,-24.6604436,25.923391,62687,155921
105245-5,First Care Pharmacy,Palapye,NA,Individual practitioner,-22.542937,27.087811,13997,22408
100478-7,Oristone Medical Clinic,Kanye,NA,Individual practitioner,-24.978584,25.336013,25258,34533
663045-3,Barakat Medical Centre,Kgatleng,NA,Individual practitioner,-24.622921,26.123422,9096,19861
121836-1,REAL TRADE(PTY)LTD,Tutume,NA,Individual practitioner,-20.563086,26.222818,1497,3310
826083-8,Lobone clinics,Greater Gaborone,NA,Individual practitioner,-24.65339,25.90365,66232,169318
127545-2,PHYSIO HUB,Greater Gaborone,NA,Group practice,-24.658651,25.900505,64029,164525
946994-1,4 EYES OPTOMETRIST,Kgatleng,NA,Individual practitioner,-24.394279,26.145249,22572,42429
711463-0,NEW DAY MEDICAL CENTRE,South East,NA,Individual practitioner,-24.64357,25.88481,65340,176446
622375-4,PHARMA HUB,Greater Gaborone,NA,Individual practitioner,-24.6724096,25.9822632,35548,99242
251139-2,PHYSIOTHERAPY PRIVATE PRACTICE,Greater Gaborone,NA,Individual practitioner,-24.65269583,25.92002187,65255,164769
412231-3,PROGRESSIVE PHYSIOTHERAPY CLINIC,NA,NA,Group practice,-21.1746816,27.5218432,90729,124888
523110-5,Phemo Clinic,Greater Gaborone,NA,Individual practitioner,-24.65362,25.90458,66114,168904
772967-6,Natural Dent Dental Clinic,Palapye,NA,Private Hospital,-22.5514872,27.1147095,15408,22360
675371-9,Lorato Medical Centre,Kweneng West,NA,Individual practitioner,-24.087166,25.029347,985,1821
249496-1,Afiya Health and Dietetic Consultants,Greater Gaborone,NA,Individual practitioner,-24.62920523085777,25.933926958936848,59187,178737
690762-0,PY Chem Pharmacy- Junction Branch,Palapye,NA,Individual practitioner,-22.556088,27.133544,12341,21506
903009-9,The pan Clinic,Tutume,NA,Individual practitioner,-20.563086,26.222818,1497,3310
969668-3,Diagnofirm (Pty)Ltd,Greater Gaborone,NA,Individual practitioner,-19.939328,23.4979328,5951,15088
690786-9,Pharma-direct Phamarcy,Kweneng East,NA,Individual practitioner,-24.6382592,25.8998272,67463,182501
682703-4,Victorious Living Medical Clinic,Greater Gaborone,NA,Individual practitioner,-24.6481,25.90593,67400,173971
713867-0,GHANZI PHARMACY,Ghanzi,NA,Individual practitioner,-21.695387,21.652712,2084,2699
565992-5,ELRAPHAH MEDICAL CENTRE,Kweneng West,NA,Individual practitioner,-24.108105,25.030058,989,1880
27062-9,Botswana Gender Based Violence Prevention and Support Centre,Greater Gaborone,NA,Private Hospital,-24.6349155,25.918358,64753,183008
709064-0,Pharma Lulu,Greater Gaborone,NA,Individual practitioner,-24.6284288,25.9227648,61831,185914
792976-3,Botsogo Medical Clinic,Kgatleng,NA,Individual practitioner,-24.6317056,25.9260416,62261,182163
810131-3,Kubung Health Post,Ngami,NA,Health Post,-20.026518,23.427063,11617,22210
962439-6,PHAKALANE MEDICAL CENTER,Greater Gaborone,NA,Individual practitioner,-24.560997,25.966156,34016,106346
605931-5,Bagaetsho Medical Centre,Jwaneng,NA,Individual practitioner,-24.600867,24.729954,1660,2678
272944-0,T&T Pharmacy Services (pty)LTD,Greater Gaborone,NA,Individual practitioner,-24.6349824,25.8998272,66732,184400
714083-3,Matlhare Clinics,Kanye,NA,Individual practitioner,-24.977556,25.339935,24935,34535
894865-5,LETLHAKANE PHARMACY,Boteti,NA,Individual practitioner,-21.41125,25.57848,6624,9026
431665-9,SOLSHA PHYSIOCARE,South East,NA,Individual practitioner,-24.8777211,25.8710386,21490,32337
197971-5,Multicare (pty)Ltd T/A Rose Dental,Greater Gaborone,NA,Individual practitioner,-24.69409617,25.87991469,35087,119849
4405-7,Medi-Glow Aesthetics,Greater Gaborone,NA,Individual practitioner,-24.67123,25.92955,56169,143948
324142-9,AO Clinic Mochudi,Kgatleng,NA,Individual practitioner,-24.399249,26.148131,21772,41996
913246-5,OK CHEMIST-KANYE,Kanye,NA,Individual practitioner,-24.982247,25.343318,24485,34408
684175-3,SANDY SPRINGS (PTY)Ltd,Greater Gaborone,NA,Individual practitioner,-24.65820344,25.90095319,64281,164932
406062-0,V.I.P DENTAL CARE,Greater Gaborone,NA,Individual practitioner,-24.66078618,25.92894248,62097,153003
471424-2,CARE & HOPE MEDICAL CLINIC,Kweneng East,NA,Poly Clinic,-24.6773565,25.5576201,4497,7579
301537-7,Disaneng Clinic,Ngami,NA,Clinic,-19.994057,23.474589,8722,24074
764799-3,Central Clinic,Greater Gaborone,NA,Individual practitioner,-24.6616365,25.8966946,62022,161673
913749-8,LEFKARA DENTAL SPA,Greater Gaborone,NA,Individual practitioner,-24.569588,25.974458,35593,108126
528225-6,Medi-Perfect Pharmacy - Kgabo Mall,Kgatleng,NA,Individual practitioner,-24.406865,26.106151,21072,48675
732076-5,BPM ORAL & DENTAL CARE CLINIC,South East,NA,Individual practitioner,-24.6284288,25.9227648,61831,185914
669128-1,Independence Surgery,Greater Gaborone,NA,Day care center,-24.65312,25.92118,65114,163813
583489-0,Dr Saima Surgery,Greater Gaborone,NA,Individual practitioner,-24.64288345,25.92088181,65723,174877
860796-2,Masa Family Clinic,Serowe,NA,Individual practitioner,-22.38792003715546,26.703849164869485,12347,22081
873208-3,Gaborone Private Hospital,Greater Gaborone,NA,Private Hospital,-24.6287148,25.9337927,59030,179176
24528-2,Tsarona Eye Specialist Services,Greater Gaborone,NA,Individual practitioner,-24.6602,25.9258,62636,155018
697359-8,ELIM MEDICAL CENTRE,South East,NA,Individual practitioner,-24.628201,25.9346463,58537,178842
570658-5,THE CHEMIST PLUS,Lobatse,NA,Individual practitioner,-24.9880739,25.3430088,24167,34280
769114-0,ENDOCRINE & DIABETS CARES,Greater Gaborone,NA,Individual practitioner,-24.6201588,25.9005448,61383,189361
473791-2,EXCLUSIVE DENTAL CLINIC,South East,NA,Individual practitioner,-24.6588,25.9162,63674,160292
949787-6,SONOCARE SCANNING CENTRE,Greater Gaborone,NA,Individual practitioner,-24.6279238,25.9345957,58436,179062
386841-1,Ultra Care Clinic,Kgatleng,NA,Individual practitioner,-24.4064,26.10667,21172,48605
358521-3,North West Family Health Centre,Ngami,NA,Individual practitioner,-19.9935254,23.4166898,14751,23306
701071-3,ALEMAYEHU G.B SURGICAL CENTRE,South East,NA,Individual practitioner,-24.6588581,25.9004018,63914,164325
170684-5,FRIENDS PHARMACY,Greater Gaborone,NA,Individual practitioner,-24.6201858,25.8846547,61899,182300
266757-4,HAVELE HOLDING PHYSIO,Kweneng East,NA,Private Hospital,-24.5798419,25.840643,51621,129899
973763-6,Riverside Hospital Dialysis Clinic,Palapye,NA,Private Hospital,-21.1629820608,27.5135529041,93877,124730
716694-5,BABA MEDICAL CENTER,Greater Gaborone,NA,Individual practitioner,-24.67622,25.935669999999998,51741,135845
889361-2,Bokaa Clinic,Kweneng East,NA,Clinic,-24.401446,25.541639,39372,61295
586431-9,My Chemist (Pharmacy),Kgatleng,NA,Individual practitioner,-24.392877,26.139514,23036,43275
196788-4,KATLO DENTAL SURGERY,Tutume,NA,Individual practitioner,-20.490529,27.040145,11088,15451
610449-1,Eyesave Optical,Greater Gaborone,NA,Poly Clinic,-24.65018672,25.90977016,66568,170996
928816-8,EyeSave Optical,Greater Gaborone,NA,Poly Clinic,-24.65092205,25.90989144,66388,170227
871521-1,ANEJ FAMILY MEDICAL CLINIC (AFMC),Ngami,NA,Individual practitioner,-19.9698005,23.4513496,11776,24452
659458-4,Pharma North Pharmacy,Greater Francistown,NA,Group practice,-21.1041,27.3042,5105,13059
950899-5,Princess Marina Hospital,Greater Gaborone,NA,Referral Hospital,-24.656991,25.923933,63968,158746
654707-9,LR PHYSIOTHERAPY,Greater Gaborone,NA,Individual practitioner,-24.6218752,25.9489792,50453,168229
414032-3,NOTWANE PHARMACY,Greater Gaborone,NA,Individual practitioner,-24.6641,25.9075,61243,158119
571873-9,MARVEL PHARMACY,Chobe,NA,Individual practitioner,-21.1672276,26.419389,477,1914
1044538-5,MODEST PHARMACY,Greater Gaborone,NA,Individual practitioner,-24.66343849,25.91159793,61638,157737
783299-1,Tsabong Unified Secondary School,Kgalagadi south,NA,Health Post,-26.038334,22.413653,2884,3943
146260-5,B.B.T. PHYSIOTHERAPY,Greater Gaborone,NA,Individual practitioner,-24.653868,25.920614,64996,163299
767749-5,Dr Patel Surgery,Greater Gaborone,NA,Individual practitioner,-24.6638478,25.91900517,61270,155011
733114-3,PALMES CLINIC,Lobatse,NA,Individual practitioner,-24.6437,25.9112,67065,177063
526922-0,LOBATSE PHARMACY,Lobatse,NA,Individual practitioner,-25.227768,25.67057,63435,98328
598846-4,SHALOM DENTAL CLINIC,Greater Gaborone,NA,Individual practitioner,-24.6540362,25.924892,64691,161165
230781-7,SEBELE OPTICAL CENTRE,Greater Gaborone,NA,Individual practitioner,-24.6437,25.9112,67065,177063
560632-2,SPECSAVERS,Greater Gaborone,NA,Group practice,-24.64295,25.88543,65516,177086
794932-4,DR MOTINGWA DENTAL SURGERY,Greater Gaborone,NA,Individual practitioner,-24.6183135,25.9437179,51173,175021
466230-0,Padre Pio Medical Centre,Greater Gaborone,NA,Individual practitioner,-24.641536,25.9063808,67489,179802
786617-1,Medi-Perfect Pharmacy - Pilane,Kgatleng,NA,Individual practitioner,-24.41212,26.108944,20396,48430
141880-5,ERNAD MEDICAL CENTER,Goodhope,NA,Individual practitioner,-25.470828,25.441548,13940,23091
528589-5,ELITE PHYSIOTHERAPY,Greater Gaborone,NA,Group practice,-24.6860104,25.8831917,41720,131165
360734-8,Dr Omotoye Dental Surgery,Greater Francistown,NA,Individual practitioner,-21.175919,27.509863,93717,125067
190477-0,EYE HEALTH CLINICS,South East,NA,Individual practitioner,-24.6641525,25.9145483,61268,156258
816049-1,BOPMOE HOLDINGS,Greater Gaborone,NA,Individual practitioner,-24.6404355,25.929759,63781,172388
472233-6,ELITE DENTAL CLINIC,Greater Gaborone,NA,Poly Clinic,-22.5338645,27.08981752,13631,22058
931933-6,ZETA CLINIC,Greater Gaborone,NA,Day care center,-24.6153216,25.9096576,58226,191868
974879-9,FUN DENT DENTAL CLINIC,NA,NA,Individual practitioner,-24.6008082,24.7283442,1660,2667
132027-4,GABANE PHARMACY,Kweneng East,NA,Individual practitioner,-24.6284288,25.9227648,61831,185914
202256-4,Oramax Medical Center,Greater Gaborone,NA,Individual practitioner,-24.5883043,25.8403346,51678,135501
537722-1,Rossignol Private Clinic,Moshupa,NA,Individual practitioner,-24.75975,25.41704,12968,18834
816867-6,Labscroll Medicals Tutume,Tutume,NA,Individual practitioner,-20.489234,27.041414,11036,15443
18685-8,Eden Clinic,Kgatleng,NA,Individual practitioner,-24.4314418,26.03330878,11941,31128
369849-5,mowana private clinic,Greater Gaborone,NA,Private Hospital,-24.56957,25.97495,35543,107715
413824-4,City Medical Center,Greater Francistown,NA,Individual practitioner,-21.175738,27.510324,93840,125058
783863-4,SEBELE CENTRE PRIVATE CLINIC,Greater Gaborone,NA,Individual practitioner,-24.6545,25.9086,65542,167011
23551-5,Notwane Medical Center,Kgatleng,NA,Individual practitioner,-24.39928,26.14769,21813,42089
981012-8,Acacia Clinic,Kweneng East,NA,Group practice,-24.673306,25.543427,4837,7208
201126-0,Urban Lifestyle,Kweneng East,NA,Group practice,-24.673306,25.543427,4837,7208
974441-8,Tutume Medical Center,Tutume,NA,Individual practitioner,-20.489346,27.041418,11041,15445
950115-6,Pholoso Medical Centre,South East,NA,Individual practitioner,-24.85886256666667,25.869214066666668,23035,33437
684095-3,Optoguide Optometrist,Kgatleng,NA,Individual practitioner,-24.401105,26.081957,19473,47352
189482-3,Mosi Health Post,Goodhope,NA,Health Post,-25.543284,25.135531,453,1887
887904-1,KGALAGADI PHARMACY,Kgalagadi south,NA,Individual practitioner,-26.0221806,22.399971,2957,3940
789914-9,LIFE LINE MEDICAL CLINIC,Kweneng East,NA,Individual practitioner,-24.618065,25.884528,61734,182135
423355-7,Concord Medical Practice,Palapye,NA,Individual practitioner,-22.3305,27.0653,276,983
328678-8,St DAMIAN MEDICAL CLINIC,Boteti,NA,Individual practitioner,-21.41031,25.57921,6626,9040
220984-9,INDRA MEDICAL CENTRE,South East,NA,Individual practitioner,-24.8294639,25.8047413,11894,36491
958002-8,MASA PHYSIOTHERAPY CLINIC,Greater Gaborone,NA,Individual practitioner,-24.6473929,25.9057302,67534,174676
419929-5,OPTICO CENTRE,NA,NA,Group practice,-21.16486,27.51012,93946,124792
76309-4,Care and Hope Clinic,Kweneng East,NA,Group practice,-24.671048,25.545475,4822,7151
562062-0,DR.MANU MEDICAL CENTER,Palapye,NA,Individual practitioner,-22.545895,27.106808,15551,22374
421000-1,SQUARE PHARMACY,Kweneng East,NA,Individual practitioner,-24.6349824,25.8736128,60485,175413
776714-8,SUPER-CARE PHARMACY,Kweneng East,NA,Individual practitioner,-24.6349824,25.9260416,63282,179591
398532-2,SUPERMED PHARMACY,Greater Gaborone,NA,Individual practitioner,-24.608768,25.919488,53628,190311
881493-1,THE CHEMIST - GABORONE,Greater Gaborone,NA,Individual practitioner,-24.663339,25.9157088,61645,156568
951474-6,Tlhatlogong Medical Clinic,Kgalagadi North,NA,Individual practitioner,-23.67314,22.7962,899,1179
270096-1,Gaborone Fertility Clinic,Greater Gaborone,NA,Individual practitioner,-24.641932,25.92084,65644,175874
357890-3,AO Clinic KB Mall,Greater Gaborone,NA,Poly Clinic,-24.65844,25.90057,64142,164733
305566-2,Kennet Medical Centre,Phikwe,NA,Individual practitioner,-21.9754085,27.8450687,46747,55154
900725-3,VISION OPTICAL CENTRE,Greater Gaborone,NA,Individual practitioner,-24.6437,25.9112,67065,177063
630327-5,Shakawe Senior Secondary School Clinic,Okavango,NA,Clinic,-18.38417,21.82619,2026,3637
405952-3,Kalafhi Medical Centre Renewal Aesthetics,Greater Gaborone,NA,Poly Clinic,-24.653236713019947,25.922586239398353,65007,163046
84999-2,LB Private Health Care,Lobatse,NA,Individual practitioner,-25.23172,25.66795,60517,98201
114696-8,ECOPATH PATHOLOGY,Greater Gaborone,NA,Individual practitioner,-24.559527,25.979139,33335,94771
816068-1,Universal Health Care,Greater Gaborone,NA,Individual practitioner,-24.6546432,25.903104,65854,168178
194729-0,St Mary's Dental Clinic,Phikwe,NA,Individual practitioner,-21.975896,27.842343,46629,55249
939599-7,Letlhakane Dental Clinic,Boteti,NA,Individual practitioner,-21.413196,25.581958,6650,8975
539919-1,The Doctors Inn Health Centre,Ngami,NA,Day care center,-19.98686018,23.42472192,14895,23857
808986-4,Serowe Family CLinic,Serowe,NA,Individual practitioner,-22.3873138160012,26.701656339975,11972,21975
760976-1,RAPHA MEDICAL CENTRE,Boteti,NA,Group practice,-21.41304,25.57874,6628,8993
760429-1,BATHO DENTAL CLINIC,Greater Gaborone,NA,Individual practitioner,-22.5413424,27.0884179,14041,22340
807951-9,Compass Green Day Hospital,Greater Gaborone,NA,Private Hospital,-24.65364,25.92071,65038,163489
605307-8,Thipe Dental Clinic,Kweneng East,NA,Group practice,-24.673306,25.543427,4837,7208
228840-5,Dawn Pharmacy,Ngami,NA,Individual practitioner,-19.9768285,23.432237,14102,24264
316066-0,Entle Dental Emporium,Kgatleng,NA,Individual practitioner,-24.401578,26.081552,19479,47253
734859-2,Meepo Medicentre,Boteti,NA,Group practice,-21.3115,25.37642,9690,12881
303708-2,Kgatleng Medical Center,Kgatleng,NA,Individual practitioner,-24.399249,26.148131,21772,41996
45728-3,BOIPUSO SURGERY,Greater Francistown,NA,Individual practitioner,-21.162705,27.510021,92971,124746
322979-6,ST GEORGES MEDICAL CENTRE,Greater Gaborone,NA,Individual practitioner,-24.67094,25.92272,56990,147593
901601-5,ECOPATH PATHOLOGY KANYE,Kanye,NA,Individual practitioner,-24.980952,25.338439,25151,34473
438121-6,Destiny Medical and Research Solutions,South East,NA,Individual practitioner,-24.39497,25.55211,42892,62614
306393-0,Peace Medical Centre,Lobatse,NA,Individual practitioner,-25.22676,25.67092,63867,98357
155922-8,Joseph Kavindama Hospital,Okavango,NA,Primary Hospital,-18.3892836,21.83666405,1990,3526
157005-0,Prime Health Centre,Greater Gaborone,NA,Poly Clinic,-24.62888,25.89608,64725,186240
788868-8,Hospital Way Medical Centre,South East,NA,Individual practitioner,-24.66,25.91512,63231,159593
34754-2,CENTURY HEALTH CENTER,Greater Gaborone,NA,Individual practitioner,-24.630146,25.893672,64967,185257
232239-4,Serowe Pharmacy,Serowe,NA,Individual practitioner,-22.38731381600124,26.701656339975,11972,21975
450114-4,Kalafhi Medical Center Village,Greater Gaborone,NA,Poly Clinic,-24.669798035015752,25.93185683707033,56850,143910
537303-0,CLYDEVIEW DENTAL CLINIC,Palapye,NA,Individual practitioner,-22.56147992,27.08116964,11572,23078
621298-9,Oasis Pharmacy,South East,NA,Individual practitioner,-24.68336222,25.9548671,42082,114868
154674-6,Gantsi Senior School Clinic,Ghanzi,NA,Clinic,-21.681762261791985,21.650832913713167,2049,2682
141574-4,Youth Friendly Services,Greater Francistown,NA,Clinic,-21.173982,27.502612,90946,125020
618900-5,Sir Seretse Khama International Airport Clinic,Greater Gaborone,NA,Clinic,-24.55745,25.92427,27325,143262
958636-3,BOsele Pharmacy,Serowe,NA,Individual practitioner,-22.38731381600124,26.701656339975,11972,21975
602795-7,First Care Pharmacy,Phikwe,NA,Individual practitioner,-21.976631,27.839525,46367,55362
231840-0,Delta Pharmacies Ghanzi Pty Ltd,Ghanzi,NA,Individual practitioner,-21.696074,21.650337,2073,2696
368151-7,Kgatleng Emergency Medical Services,Kgatleng,NA,Clinic,-24.38386,26.145412,22107,41947
347560-5,Okavango Air Rescue,Ngami,NA,Poly Clinic,-19.980074,23.420203,13783,23718
666764-6,Morupule Coal Mine Clinic,Palapye,NA,Ambulatory Center,-22.507011,27.026465,3399,13025
874777-6,The Health - Haven Medical Centre,Lobatse,NA,Individual practitioner,-25.22836,25.67361,65097,98110
689212-9,Universal Health Care,Palapye,NA,Individual practitioner,-22.78602,27.76266,1826,3690
470400-3,4Eye Optometrist,Greater Gaborone,NA,Individual practitioner,-24.6414206,25.9113084,66941,179194
210128-5,Francistown Radiological Services,Greater Francistown,NA,Individual practitioner,-21.168301,27.511051,94895,124861
769204-9,Eye Express,Jwaneng,NA,Individual practitioner,-24.599571,24.728711,1664,2668
158250-1,Bidii Medical Services,Greater Francistown,NA,Individual practitioner,-21.4433017,27.4615118,10283,17691
267593-2,Shakawe BDF Clinic,Okavango,NA,Clinic,-18.362771,21.849447,1999,4689
358541-1,Pharma Caprivi Pharmacy,Palapye,NA,Poly Clinic,-22.533027,27.089101,13440,22039
183511-5,Better Care Pharmacy,Serowe,NA,Individual practitioner,-22.3882,26.7041,12428,22100
135676-5,Adonai Medical Clinic,Tutume,NA,Individual practitioner,-20.563086,26.222818,1497,3310
836752-6,OM Physiotherapy,Serowe,NA,Individual practitioner,-22.42,26.743,13279,22291
802430-9,Phatsimo Eye Center,Phikwe,NA,Individual practitioner,-21.976146,27.841429,46565,55288
308088-4,Crafty Fisio,Phikwe,NA,Individual practitioner,-21.975538,27.837272,45607,55302
664819-0,Life Citadel Clinic,Phikwe,NA,Individual practitioner,-21.967893,27.846374,43867,54500
888181-5,Tshepo Medical Centre,Lobatse,NA,Individual practitioner,-25.22576,25.66915,62959,98508
124054-8,Fortworth Physiotherapy Clinc,South East,NA,Individual practitioner,-24.8756987,25.8754166,20908,31988
831366-0,Mmathubudukwane Private Clinic,Kgatleng,NA,Individual practitioner,-24.514507,26.436915,1344,3957
825838-6,Maranyane Medical Laboratory,Jwaneng,NA,Individual practitioner,-24.604185,24.728353,1651,2703
658555-8,Serowe Mens Prisons Clinic,NA,NA,Clinic,-22.428294,26.706325,12898,22438
747164-2,Unimed Pharmacy,South East,NA,Individual practitioner,-24.663744,25.982135,37108,107585
511289-1,Kalafhi Medical Center Main Mall,Greater Gaborone,NA,Poly Clinic,-24.65833,25.91817,63754,160005
559345-4,RiverWalk Medical Centre,South East,NA,Group practice,-24.6766,25.9352,51527,135740
198876-5,Gaborone Central Clinic,Greater Gaborone,NA,Clinic,-24.64201,25.93644,62571,165998
51620-3,Pioneer Plus Pharmacy,Lobatse,NA,Individual practitioner,-25.2297418,25.6837158,68585,97212
188196-0,Tlokweng Pharmacy,South East,NA,Individual practitioner,-24.6758806,25.9664733,42613,111431
664672-3,Lenmed Bokamoso Private Hospital,Greater Gaborone,NA,Private Hospital,-24.57982,25.83988,51504,129165
831606-9,Tumelo Medicare Clinic,Palapye,NA,Private Hospital,-22.54131,27.0916,14450,22335
838262-4,DIJO KALAFI & WELLNESS CENTRE,Greater Gaborone,NA,Individual practitioner,-22.4250949,26.7535074,11376,21805
829944-8,Dr Monga Clinic,Serowe,NA,Individual practitioner,-22.4036,26.7143,15147,22561
333424-0,The Allergy Center,Greater Gaborone,NA,Individual practitioner,-24.59813,25.93911,46704,173257
725159-8,Phodisoetsile Private Medical Centre,Serowe,NA,Individual practitioner,-22.42,26.743,13279,22291
804526-2,Kanye Prison Health Post,Kanye,NA,Health Post,-24.974109,25.353078,22249,34414
776204-0,Phikwe Pharmacy,Phikwe,NA,Individual practitioner,-21.975652,27.841185,46393,55249
455498-6,FAIRGROUND MALL MEDICAL CENTER,Greater Gaborone,NA,Individual practitioner,-24.682547891146445,25.911074569307072,48991,141003
75995-1,Gilgal Dental Clinic,Serowe,NA,Individual practitioner,-22.42,26.743,13279,22291
374364-8,Gabriel Clinic,Greater Francistown,NA,Private Hospital,-21.169796,27.514545,94965,124867
602113-3,Boiteko Pharmacy,Serowe,NA,Individual practitioner,-22.387,26.71,12846,22222
520537-2,Dipotsana Health Post,Kanye,NA,Health Post,-25.235121,25.424962,1362,4549
365193-2,Tshwaane Health Post,Moshupa,NA,Health Post,-24.735453,25.249354,880,2829
219004-9,Lejwana Health Post,Goodhope,NA,Health Post,-25.409707,25.53762,2755,21623
510551-5,Matopi Health Post,Greater Francistown,NA,Health Post,-21.450214,27.946734,362,1022
303962-5,Molefi Senior Secondary School Clinic,Kgatleng,NA,Clinic,-24.42334,26.15249,15366,39316
910036-3,Ngwatle Health Post,Kgalagadi North,NA,Health Post,-24.7550285,21.8568586,26,110
561209-8,Disana Health Post,Ngami,NA,Health Post,-19.973056,23.460892,11011,24336
775506-9,HAMILTON MEDICAL CENTRE,Greater Gaborone,NA,Individual practitioner,-24.659503,25.919763,63233,158325
853367-1,Maun Prison Clinic,Ngami,NA,Clinic,-19.982554,23.425062,14519,23924
287528-4,Pandamatenga BDF Clinic,Chobe,NA,Clinic,-18.623886,25.629437,356,1456
993317-7,Doosan First Aid Centre (Morupule A),Palapye,NA,Clinic,-22.52018,27.038563,4679,16988
613006-6,BUIST Clinic,Palapye,NA,Clinic,-22.595652,27.123852,6304,21203
977548-7,Dr Kabongo Clinic,Kweneng East,NA,Group practice,-24.411449,25.489932,8581,48436
839437-1,Pilane Private Medical Clinic,Kgatleng,NA,Individual practitioner,-24.401567,26.081575,19479,47258
893999-3,Medron Medical Centre,Kweneng East,NA,Private Hospital,-24.39272,25.49657,18381,53885
766553-2,Koala Medical Center,South East,NA,Individual practitioner,-24.59948,25.939330000000002,46952,174251
865899-9,Elonga Medical Clinic,Greater Gaborone,NA,Individual practitioner,-21.1619,27.5214,92775,124596
221102-7,Lotsane Senior School Clinic,Palapye,NA,Clinic,-22.558049,27.08591,12850,23059
641008-8,UNICHEM PHARMACY,Greater Gaborone,NA,Individual practitioner,-24.65722575,25.91728256,64198,161347
465208-7,S&S Opticians,Lobatse,NA,Individual practitioner,-24.9814008,25.342255689999998,24667,34436
415557-8,GABORONE CHILDRENS CARE CLINIC,Greater Gaborone,NA,Individual practitioner,-24.6382592,25.8736128,60588,174166
543463-4,Elite Dental Clinic,Palapye,NA,Group practice,-22.533864503,27.089817524,13631,22058
307093-5,THERAPEOS PHARMACY,Greater Gaborone,NA,Individual practitioner,-23.09711189,26.84473336,13406,20561
42926-6,Family Care Pharmacy,Phikwe,NA,Private Hospital,-21.976069,27.848341,47001,55138
887619-5,DR Jaco Meij Dental Surgeon(PTY)Ltd,South East,NA,Individual practitioner,-24.6884198,25.8813855,39485,127337
545351-9,Liberty Medical Centre,South East,NA,Individual practitioner,-25.0279847,25.7414225,26951,47021
362008-5,Expretions (Pty)Ltd,NA,NA,Individual practitioner,-25.05,25.2833,1675,21046
691236-4,BOTSOGO MEDICAL CENTRE,Kgatleng,NA,Private Hospital,-24.6546432,25.919488,64878,162991
685786-6,Dr Bose Medical Centre,Mahalapye,NA,Individual practitioner,-21.3352448,25.362432,8777,12946
87090-7,St Simon Medical Centre,Kweneng East,NA,Individual practitioner,-24.406571,25.51923,26753,58402
779515-6,Jorreti Medical Centre,Ngami,NA,Individual practitioner,-19.3716452,22.1622701,1087,1513
620538-9,The Village Surgery,Greater Gaborone,NA,Poly Clinic,-24.6022144,25.9096576,52789,187538
758046-7,The Orthodontic Centre PTY LTD,Greater Gaborone,NA,Individual practitioner,-24.6891768,25.8848852,39894,128508
395705-7,UNIVERSAL FAMILY CLINIC,Kweneng East,NA,Individual practitioner,-24.6311588,25.8831774,63435,181221
535372-7,KB MEDICAL CLINIC,Greater Gaborone,NA,Individual practitioner,-24.62808,25.9233796288,61558,185846
184725-0,Ultra care,South East,NA,Individual practitioner,-24.8756987,25.8754166,20908,31988
362330-3,DR HIRUI MEDICAL CLINIC,Palapye,NA,Ambulatory Center,-22.5514872,27.1147095,15408,22360
552739-5,Wellbeing Physiotherapy and Sports Injury Clinic,Mahalapye,NA,Individual practitioner,-23.1103403,26.8229577,15834,20759
135575-9,MASA FAMILY CLINIC,Greater Gaborone,NA,Individual practitioner,-22.38773831,26.70396939,12329,22078
383703-6,Xpert Imaging Clinic,Kanye,NA,Individual practitioner,-24.978946,25.335817,25280,34526
599109-6,AGAPE DENTAL CLINIC,Greater Gaborone,NA,Individual practitioner,-24.6530684,25.9187146,65245,164916
704344-1,Masilo surgical Services,Greater Gaborone,NA,Individual practitioner,-24.639347,25.933559,62684,170691
460024-3,AIMS SURGICAL CLINIC,Greater Gaborone,NA,Individual practitioner,-24.629347,25.933559,59360,178927
437590-3,Tirelo Motseonageng Clinic,Kweneng West,NA,Clinic,-24.095454,24.531212,160,429
189383-3,Kazungula BDF Health Post,Chobe,NA,Health Post,-17.803302,25.243565,3291,6059
803266-6,Tshwaane Health Post,Kweneng West,NA,Health Post,-23.858,23.656119,247,528
942698-2,PHARMA SOUTH PHARMACY,Greater Gaborone,NA,Group practice,-24.6437,25.9112,67065,177063
936820-0,Ditshukudu Health  Post,Kweneng East,NA,Health Post,-24.290104,25.745699,4976,19635
1026941-3,OPTICAL INSIGHT,Greater Gaborone,NA,Individual practitioner,-21.3352448,25.362432,8777,12946
447878-0,Old Sekgoma Clinic,Serowe,NA,Clinic,-22.3919246,26.6914428,11214,21669
243426-4,Matshelagabedi Clinic,Greater Francistown,NA,Clinic with Maternity,-21.118833,27.659796,1321,2803
870308-4,Mabudzane Health  Post,North East,NA,Health Post,-20.908692,27.630733,1135,5189
228800-9,Bokaa  Clinic,Kgatleng,NA,Clinic with Maternity,-24.4218,26.0244,10483,29677
639545-3,Okavare Pharmacy,Charleshill,NA,Private Hospital,-22.27441057635965,20.074365358352683,1214,1980
490773-9,GM CLINIC,Kweneng East,NA,Individual practitioner,-24.6382592,25.9129344,66369,181635
822377-8,SMILE TIME DENTAL CARE,Greater Gaborone,NA,Individual practitioner,-24.643599,25.884803,65339,176423
527110-1,Ecopath Pathology Laboratory,Greater Gaborone,NA,Individual practitioner,-24.56012829,25.97872048,33484,95603
125093-5,WOMENS HEALTH CENTRE,Ngami,NA,Individual practitioner,-24.9953,23.4181,38,156
708972-5,SHEKINA MEDICAL CENTRE,Bobirwa,NA,Individual practitioner,-21.881208,27.751522,5327,7333
263337-8,Akbar Pharmacy,South East,NA,Individual practitioner,-24.6592,25.91435,63607,160567
272797-2,PHARMA KGATLENG PTY LTD,Kgatleng,NA,Individual practitioner,-24.397436,26.149568,21852,41662
529072-1,LA GRACE PVT MED CLINIC,Ngami,NA,Individual practitioner,-20.0258093,23.4374805,10934,22489
686745-1,Pharma Africa Pharmacy,Chobe,NA,Group practice,-17.799,25.15,2893,4883
1012440-2,VISION 20/20 CENTER,NA,NA,Individual practitioner,-21.1710835,27.5121047,94905,124920
864616-8,RAMOTSABABA FAMILY HEALTH,Greater Gaborone,NA,Individual practitioner,-24.66953,25.92785,57464,146278
808792-6,Fox Eye Opticians,NA,NA,Individual practitioner,-21.17875083,27.51012309,92640,125156
739445-5,Pharma Kweneng Pharmacy,Kweneng East,NA,Individual practitioner,-24.634982,25.893274,66202,183507
1098164-5,WRIGHTWAY'S DENTAL SERVICES,Greater Gaborone,NA,Individual practitioner,-24.65515005,25.92898735,64083,158096
956740-5,KGALAGADI PHARMACY- GABZ,Greater Gaborone,NA,Individual practitioner,-24.6311008,25.9177144,63765,185977
240358-2,Eretsha Health Post,Okavango,NA,Health Post,-18.780458,22.687051,232,638
397733-7,Siviya Health  Post,North East,NA,Health Post,-20.85758,27.67504,2165,5273
253506-0,Serule Clinic,Greater Francistown,NA,Clinic with Maternity,-21.919171,27.301598,4880,6787
972576-3,Sekakangwe Clinic,North East,NA,Clinic with Maternity,-20.541985,27.323353,667,2757
274686-5,Themashanga Clinic,North East,NA,Clinic,-20.801292,27.557104,874,6301
362146-3,Ramokgwebana Clinic,North East,NA,Clinic,-20.591077,27.651977,1714,5035
467438-8,Butale Health Post,North East,NA,Health Post,-20.682174,27.694977,695,2206
201391-0,Mbalambi Health Post,North East,NA,Health Post,-20.503608,27.335491,623,2012
495949-0,Matenge Health Post,North East,NA,Health Post,-20.852121,27.250254,4652,11794
524549-3,Jackalas 2 Health Post,North East,NA,Health Post,-20.9545382,27.6745728,725,2052
704753-3,Gambule Health Post,North East,NA,Health Post,-20.562717,27.394086,740,5475
282980-2,Makaleng Clinic,North East,NA,Clinic with Maternity,-20.796368,27.265555,1252,9571
439627-1,Kgomodiatshaba Health Post,Kgatleng,NA,Health Post,-23.66574,26.073277,681,2126
500663-0,Dikgonnye Health Post,Kgatleng,NA,Health Post,-24.140298,26.006055,712,2759
153397-5,Artesia Clinic,Kgatleng,NA,Clinic with Maternity,-24.013836,26.320154,692,1513
34897-9,Glen Valley Clinic,Greater Gaborone,NA,Clinic,-24.589429,25.959514,40627,143800
188465-9,Thamaga  Main Clinic,Kweneng East,NA,Clinic,-24.678014,25.538822,4830,7324
965513-5,Dzoroga Health Post,Tutume,NA,Health Post,-20.155347,25.794528,680,1569
849574-9,Changate Health Post,Tutume,NA,Health Post,-20.325567,27.227953,851,4399
782149-9,Sedie Clinic,Ngami,NA,Clinic,-19.961789,23.453589,10330,24033
932660-4,Kalakamati Health Post,North East,NA,Health Post,-20.596359,27.313001,1096,3125
899084-8,Kacgae Health Post,Ghanzi,NA,Health Post,-22.855426,22.206943,115,327
822378-6,Mosetse Health Post,Tutume,NA,Health Post,-20.646983,26.638469,2498,4017
456797-0,Mokgoro Clinic,Tutume,NA,Clinic,-20.591168,26.533987,2205,3861
522018-1,Maposa Health Post,Tutume,NA,Health Post,-20.112487,26.248039,941,2541
466505-5,Kutamogoree Health Post,Tutume,NA,Health Post,-20.749205,26.900835,570,1861
272084-5,Manxotai Health Post,Tutume,NA,Health Post,-20.109198,26.376322,614,1807
356155-2,Dibete Health Post,Mahalapye,NA,Health Post,-23.751578,26.470278,1983,3993
180702-3,Tsokatshaa Health Post,Tutume,NA,Health Post,-20.041511,25.48489,460,1125
271111-7,Mmutlane Health Post,Mahalapye,NA,Health Post,-23.048333,26.578049,1882,8842
211721-6,Makuta Health Post,Tutume,NA,Health Post,-20.678869,27.122671,1127,3135
900214-8,Otse Health Post,Mahalapye,NA,Health Post,-23.331399,25.866652,3551,6775
691806-4,Rungwana,Kweneng East,NA,Health Post,-24.68511,25.541986,4667,7678
832575-5,Nkange Clinic,Tutume,NA,Clinic with Maternity,-20.299122,27.134997,3979,6136
218345-7,Mafhungo/Hubona,Tutume,NA,Health Post,-20.942894,27.262162,2060,9345
116397-1,Gakgatla Health Post,Kweneng East,NA,Health Post,-24.54391,25.615649,315,1651
787178-3,Prisons Clinic,NA,NA,Clinic,-24.658078,25.946981,59071,144786
227526-1,Beetsha Clinic,Okavango,NA,Clinic with Maternity,-18.722327,22.74195,229,595
391399-3,Lentsweletau Clinic,Kweneng East,NA,Clinic with Maternity,-24.253635,25.851591,23173,36444
597311-0,Serowe Clinic,Serowe,NA,Clinic,-22.391361,26.705871,13131,22253
165266-8,Tshimoyapula Health Post,Serowe,NA,Health Post,-22.116083,26.924427,473,1312
415277-3,Kadimo Samson Clinic,Serowe,NA,Clinic,-22.374992,26.710647,10150,21628
299591-8,Moiyabana Clinic,Serowe,NA,Clinic with Maternity,-22.636341,26.398713,1034,2302
477889-0,Paje Health Post,Serowe,NA,Health Post,-22.261367,26.788633,2971,4766
636538-1,Majwaneng Health Post,Palapye,NA,Clinic,-22.748946,27.633556,1179,4799
818896-3,Dimajwe Health Post,Serowe,NA,Health Post,-21.681044,26.755594,386,1079
737491-1,Mmashoro Clinic,Serowe,NA,Clinic with Maternity,-21.867612,26.441963,1264,2424
825473-2,Russel May Clinic,Serowe,NA,Clinic with Maternity,-22.571814,26.388286,725,2243
810456-4,Majwana-a-dipitse Health Post,Serowe,NA,Health Post,-22.022869,26.793307,568,1296
835707-1,Paje BDF Health Post,Serowe,NA,Health Post,-22.273719,26.790969,2795,4850
126097-5,Semitwe Health Post,Tutume,NA,Health Post,-20.93672,27.083565,1681,4138
199921-8,Gweta Clinic,Tutume,NA,Clinic,-20.207938,25.257154,1878,2952
409920-6,Lepashe Health Post,Tutume,NA,Health Post,-20.836061,26.6785,998,1988
803159-3,Nshakashogwe Health Post,Tutume,NA,Health Post,-20.788986,27.186429,3323,9532
941893-0,Kumakwane Health Post,Kweneng East,NA,Health Post,-24.663089,25.697977,1430,7007
842802-1,Marobela Health Post,Tutume,NA,Health Post,-20.861542,27.228168,6235,11797
294483-3,Senete Health Post,Tutume,NA,Health Post,-20.334286,27.122037,3073,5904
221119-1,Magapatona Clinic,Tutume,NA,Clinic,-20.515852,27.059002,9667,16123
899793-4,Moroka Clinic,North East,NA,Clinic,-20.531766,27.653674,1480,4694
870867-9,Boatlaname Health Post,Kweneng East,NA,Health Post,-23.600383,25.823804,5691,9838
808218-2,Moshupa Health Post,Moshupa,NA,Health Post,-24.773759,25.420275,14479,19189
982657-9,Sakutswane,South East,NA,Health Post,-25.018981,25.816865,1333,28576
404224-8,Nswazi Clinic,Tutume,NA,Clinic,-20.65835,27.22711,1085,3322
991896-2,Sebina Clinic,Tutume,NA,Clinic with Maternity,-20.820632,27.216614,5123,11709
765841-2,Marapong Clinic,Tutume,NA,Clinic,-20.893704,27.075143,2318,5314
950587-6,Cwagare Health Post,Goodhope,NA,Health Post,-25.593194,25.315827,1659,6951
359075-9,Segwagwa Health Post,Kanye,NA,Health Post,-25.190856,25.174296,980,2782
722511-3,Phodisong,South East,NA,Individual practitioner,-24.8628636,25.8571869,25212,34150
42979-5,Mmabesi Medical,Serowe,NA,Individual practitioner,-22.39278,26.711801,13977,22402
646833-4,Mmamokhasi Clinic,Kanye,NA,Clinic,-25.005214,25.327859,21883,33690
97580-5,Tutume McConell Clinic,Tutume,NA,Clinic,-20.491572,27.044037,11107,15512
826832-8,Gamodubu Health Post,Kweneng East,NA,Health Post,-24.507678,25.703212,3625,13672
456973-7,Motswedi Clinic,Lobatse,NA,Clinic,-25.22407,25.70536,66535,94053
172824-5,Lorwana Clinic,Lobatse,NA,Clinic,-25.35533,25.52646,3452,12062
406209-7,Kanngwe Health Post,Goodhope,NA,Health Post,-25.42198,25.114828,803,2358
237250-6,Phitshane Molopo Clinic,Goodhope,NA,Clinic with Maternity,-25.732789,25.093224,776,1736
732770-3,Lotsane Clinic,Palapye,NA,Clinic,-22.554852,27.112461,15318,22544
167771-5,Prison Health Post,Ghanzi,NA,Health Post,-21.700763,21.645431,2040,2690
223705-5,Dilolwe Clinic,Kanye,NA,Clinic,-24.972394,25.351259,22559,34482
608860-3,Magotlhwane Health Post,Moshupa,NA,Health Post,-24.999179,25.590513,3955,11899
518039-3,Mafhikana Clinic,Kanye,NA,Clinic,-24.991023,25.357684,20825,34049
433538-6,Dagwi Health Post,Tutume,NA,Health Post,-20.222629,27.259789,1274,3156
697341-6,Sebego Clinic,Kanye,NA,Clinic,-24.996193,25.344653,22881,34058
869718-7,Kgwatlheng Clinic,Kanye,NA,Clinic,-24.976266,25.320887,24202,34466
747272-3,Lekgolobotlo Health Post,Moshupa,NA,Health Post,-24.907735,25.629941,1700,11419
253548-2,Pitseng Clinic,Moshupa,NA,Clinic,-24.692315,25.039562,294,868
576287-7,Joosub & Aysha Dada Clinic,Kanye,NA,Clinic,-24.956937,25.327086,21227,34758
595918-4,Ebrahim & Marriam Dada Clinic,Kanye,NA,Clinic,-24.953202,25.302074,15829,33669
795021-5,Lotlhakane East  Clinic,Kanye,NA,Clinic with Maternity,-25.082399,25.453414,1587,4636
843198-3,Maunatlala Clinic,Palapye,NA,Clinic,-22.590725,27.629561,4276,6836
194690-4,Diabo Health Post,Kanye,NA,Health Post,-25.199215,25.365009,1333,4435
921292-9,Nkoyaphiri Clinic,Kweneng East,NA,Clinic,-24.610801,25.85389,54520,164144
521057-0,Weighbridge Clinic,Chobe,NA,Clinic,-17.821451,25.203709,3187,6834
709838-7,Parakarungu Clinic,Chobe,NA,Clinic,-18.037566,24.317516,298,725
261525-0,Gabane Health Post,Kweneng East,NA,Health Post,-24.66406,25.78357,9828,49704
388278-4,Metsimotlhabe Clinic,Kweneng East,NA,Clinic,-24.5438,25.7969,27408,74822
517668-0,Gabane  Clinic,Kweneng East,NA,Clinic,-24.6782643,25.7829816,9507,44048
914848-7,Mahlaku Lekganyane Clinic,Kweneng East,NA,Clinic,-24.5639,25.8323,51535,112567
785970-5,Satau Health Post,Chobe,NA,Health Post,-18.012832,24.404994,333,835
773237-3,Lesoma Health Post,Chobe,NA,Health Post,-19.90456,23.225657000000002,234,825
947960-1,Plateau Clinic,Chobe,NA,Clinic,-17.799631,25.160724,3070,5395
513809-4,Mabele Health Post,Chobe,NA,Health Post,-17.987152,24.646563,754,1601
945939-7,Lenyanti BDF Health Post,Chobe,NA,Health Post,-18.295082,23.908852,130,344
951847-3,Ikongwe Health Post,Mahalapye,NA,Health Post,-23.138034,26.424342,825,2617
912739-0,Kodibeleng Health Post,Mahalapye,NA,Health Post,-23.124915,26.196235,926,2415
700560-6,JEMIMA MEDICAL CENTRE,Greater Gaborone,NA,Individual practitioner,-21.3352448,25.3493248,7884,12908
547563-7,Poloka Health Post,Mahalapye,NA,Health Post,-23.596934,26.284047,572,1675
276326-6,Ramotlabaki Health Post,Kgatleng,NA,Health Post,-23.851629,26.924512,716,1542
240141-2,STARPOLY HEALTH CLINIC,Greater Gaborone,NA,Individual practitioner,-24.62113,25.86559,57432,173290
996429-7,Mokgenene Health Post,Mahalapye,NA,Health Post,-23.540917,26.024517,821,2588
404229-7,YUNGI MEDICAL CENTRE,Tutume,NA,Individual practitioner,-20.4903807,27.0400738,11082,15448
321664-5,Kgomokasitwa Health Post,Moshupa,NA,Health Post,-25.09235,25.629302,2358,16432
702756-8,Lotlhakane West Clinic,Moshupa,NA,Clinic,-24.812298,25.312161,837,7017
171223-1,Ntlhantlhe Clinic,Moshupa,NA,Clinic,-24.963807,25.595767,5222,12240
599426-4,Mogome Health Post,Palapye,NA,Clinic,-22.782411,26.895607,616,2396
199216-3,Mokgware Health Post,Palapye,NA,Clinic,-22.772657,26.794488,512,1461
982082-0,Ranaka Clinic,Moshupa,NA,Clinic,-24.911159,25.462038,2671,7184
300716-8,Seherelela Health Post,Moshupa,NA,Health Post,-24.882436,24.900224,173,490
229763-8,Molepolole Prison,Kweneng East,NA,Clinic,-24.389848,25.478657,9468,45610
965687-7,Mogonye Health Post,Moshupa,NA,Health Post,-24.824732,25.708556,2504,9543
632746-4,Sehithwa Clinic,Ngami,NA,Clinic with Maternity,-20.481653,22.696791,1536,2765
758776-9,Makalamabedi Clinic,Ngami,NA,Clinic with Maternity,-20.328646,23.879002,1771,2905
789739-0,Kareng Clinic,Ngami,NA,Clinic,-20.625598,22.330386,172,414
586770-0,Ralekgetho Health Post,Moshupa,NA,Health Post,-24.664949,25.165469,710,1860
419322-3,BAC Clinic,Greater Gaborone,NA,Clinic,-24.68,25.92,50650,140480
141441-6,Vaalhoek Health Post,Kgalagadi south,NA,Health Post,-26.867508,20.708833,181,343
221016-9,Digawana Clinic,Lobatse,NA,Clinic with Maternity,-25.3456108,25.5635218,4775,15799
348593-5,Mogojogojo Health Post,Lobatse,NA,Health Post,-25.314042,25.532544,3403,12620
793680-0,Lesole Clinic,Phikwe,NA,Clinic,-21.969888,27.872356,37685,53821
647844-0,Manga Clinic,Phikwe,NA,Clinic,-21.875879,27.73784,5137,7043
264929-1,Damochujenaa Health Post,Phikwe,NA,Health Post,-21.842412,27.55636,163,692
947346-3,Tshokwe Health Post,Phikwe,NA,Health Post,-21.741557,28.114863,381,994
740183-9,Sefhophe Clinic,Phikwe,NA,Clinic with Maternity,-22.181214,27.962477,2806,4091
706329-0,Leetile Health Post,Mahalapye,NA,Health Post,-23.107598,26.808212,13756,20748
972228-1,Airstrip Clinic,Mahalapye,NA,Clinic,-23.115351,26.824311,15920,20779
512171-0,Madisakwane Health Post,Greater Francistown,NA,Health Post,-21.448829,27.476809,8391,16905
428165-5,Mookane Clinic,Mahalapye,NA,Clinic with Maternity,-23.68949,26.660317,894,1981
719032-5,Madiba Health Post,Mahalapye,NA,Health Post,-23.081726,26.818272,10755,20489
953071-8,St Conrads Clinic,South East,NA,Clinic,-24.866896,25.871528,22380,32845
796866-2,Mowana Health Post,North East,NA,Health Post,-20.80149,27.621247,2395,7598
419499-9,Botshelo Clinic,Greater Francistown,NA,Clinic,-21.144383,27.500186,72810,123979
288380-9,Sefhare Primary Hospital,Mahalapye,NA,Primary Hospital,-23.022013,27.514659,5306,9022
561274-2,Moshupa Council Clinic,Moshupa,NA,Clinic with Maternity,-24.762834,25.409989,13246,18821
360176-2,Masukwane Health Post,North East,NA,Health Post,-20.59017,27.548037,876,4781
134420-9,Ngwapa Health Post,Mahalapye,NA,Health Post,-23.010358,27.752352,1131,2351
297825-2,Shakwe Health Post,Mahalapye,NA,Health Post,-23.10539,27.151899,698,1808
867922-7,Machaneng Clinic,Mahalapye,NA,Clinic with Maternity,-23.181384,27.488793,1440,2869
180732-0,Mmaphashalala Health Post,Mahalapye,NA,Health Post,-23.649367,26.824376,584,1668
160838-9,Mokobeng Health Post,Mahalapye,NA,Health Post,-22.999808,27.669477,1086,3689
659894-0,Mokoswane Health Post,Mahalapye,NA,Health Post,-23.31232,26.992475,673,1625
609667-1,Ramokgonami Clinic,Mahalapye,NA,Clinic with Maternity,-22.864674,27.420797,2425,5626
785760-0,Makwate Health post,Mahalapye,NA,Health Post,-23.295693,27.280302,1045,2021
613622-0,Moshopha Health Post,Mahalapye,NA,Health Post,-22.94641,27.375843,870,3102
458120-3,Mhalapitsa Health Post,Mahalapye,NA,Health Post,-22.794766,27.232004,1521,3946
147856-9,Maape Health Post,Mahalapye,NA,Health Post,-22.854492,27.296614,628,2668
335661-5,Chadibe Clinic,Mahalapye,NA,Clinic,-23.049323,27.579946,3217,9060
806776-1,Pilikwe Clinic,Mahalapye,NA,Clinic with Maternity,-22.798465,27.196662,1616,3540
358097-4,Khawa Health Post,Kgalagadi south,NA,Health Post,-26.280843,21.367022,171,410
393559-0,Maun General Clinic,Ngami,NA,Clinic,-20.00635,23.414309,14617,22757
798235-8,Mathangwane Clinic,Greater Francistown,NA,Clinic with Maternity,-20.995457,27.336824,5251,9994
608423-0,Bodibeng Health Post,Ngami,NA,Health Post,-20.626929,22.601907,312,1162
490782-0,Makakung Health Post,Ngami,NA,Health Post,-20.381941,22.335109,122,338
838744-1,Semboyo Health Post,Ngami,NA,Health Post,-20.311006,22.452475,155,422
478048-2,Phuduhudu Health Post,Ngami,NA,Health Post,-20.195393,24.537633,286,737
786771-6,Somelo Health Post,Ngami,NA,Health Post,-20.427358,23.329109,99,335
947726-6,Shashe Health Post,Ngami,NA,Health Post,-19.995706,23.396294,11842,22056
991577-8,Matsaudi Health Post,Ngami,NA,Health Post,-19.845124,23.590579,614,2172
146444-5,Komana Health Post,Ngami,NA,Health Post,-20.196099,23.231239,347,943
994083-4,Toteng Health Post,Ngami,NA,Health Post,-20.360408,22.956356,1037,2401
804642-7,Sankoyo Health Post,Ngami,NA,Health Post,-19.429093,23.872631,329,909
192441-4,Moremi Health Post,Palapye,NA,Clinic,-22.573828,27.447234,462,1365
210542-7,Seolwane Health Post,Palapye,NA,Clinic,-22.656418,27.690122,1382,6276
176459-6,Boseja Clinic,Ngami,NA,Clinic,-19.999571,23.435189,15326,23912
438206-5,Letsholathebe II Memorial District Hospital,Ngami,NA,District Hospital,-19.986953,23.463493,11352,24508
263484-8,Manaledi Health Post,Palapye,NA,Clinic,-22.714406,27.478306,733,3901
889396-8,Malaka Health Post,Palapye,NA,Clinic,-22.613322,27.333195,617,1842
1078910-5,Lesenepole(Matolwane) Health Post,Palapye,NA,Clinic,-22.520042,27.538443,676,2141
154328-9,Lecheng Clinic,Palapye,NA,Clinic,-22.669727,27.228101,2770,5637
741052-5,Radisele Clinic,Palapye,NA,Clinic,-22.801529,27.003262,1875,3620
193948-7,Lerala Clinic,Palapye,NA,Clinic,-22.792373,27.762761,1807,3750
123758-5,Gootau Health Post,Palapye,NA,Clinic,-22.726352,27.423862,1188,3511
172273-5,Matlhakola Health Post,Palapye,NA,Clinic,-22.718819,27.31105,1244,3916
891412-9,Mokungwane Health Post,Palapye,NA,Clinic,-22.706446,27.278069,1340,5571
473400-0,Goosekgweng Health Post,Palapye,NA,Clinic,-22.726082,27.391229,1182,3716
305466-5,Ratholo Health Post,Palapye,NA,Clinic,-22.722102,27.576733,2220,4812
658384-3,Dukwi Clinic,Tutume,NA,Clinic,-20.580868,26.497382,2129,3529
620832-6,Extention 3 Clinic,Palapye,NA,Clinic,-22.532357,27.124239,13761,21276
832743-9,Matsitama Health Post,Tutume,NA,Health Post,-21.025988,26.68914,1194,2605
332865-5,Kediretswe Clinic,Palapye,NA,Clinic,-22.542916,27.101873,15350,22325
451025-1,Khurumela Clinic,Palapye,NA,Clinic,-22.568969,27.091306,11791,23031
921369-5,Topisi Health Post,Palapye,NA,Clinic,-22.419484,27.400149,519,1430
708962-6,Diphuduhudu Health Post,Kweneng West,NA,Health Post,-23.675964,25.309865,1486,3763
678593-5,Ncojane Clinic,Charleshill,NA,Clinic with Maternity,-23.13832084648176,20.284503468747335,255,584
470942-4,Thini Clinic,Tutume,NA,Clinic,-20.500726,26.999237,6469,14718
761470-4,Selolwane Health Post,Tutume,NA,Health Post,-20.478024,27.005486,6832,14590
943097-6,Lesilakgokong,Kweneng East,NA,Health Post,-24.55399,25.37277,253,1016
840134-1,Moshana Health Post,Kanye,NA,Health Post,-24.906531,25.236704,2363,9480
250219-3,Papatlo Health Post,Goodhope,NA,Health Post,-25.64707,25.503,3610,10768
686152-0,Goshwe Health Post,Tutume,NA,Health Post,-20.508381,27.198227,1182,3333
308621-2,Matobo Health Post,Tutume,NA,Health Post,-20.560301,27.117156,2050,9759
375908-1,Tswaanyaneng Health Post,Goodhope,NA,Health Post,-25.533428,25.319415,2456,10327
676905-3,Phihetswane Health Post,Goodhope,NA,Health Post,-25.691355,25.424644,2349,6733
585584-6,Sheleketla Clinic,Mahalapye,NA,Clinic,-23.052126,26.492512,7045,10445
117734-4,Kokong Clinic,Mabutsane,NA,Clinic,-24.344894,23.118357,400,637
584792-6,Magoriapitse Health Post,Goodhope,NA,Health Post,-25.446017,25.038292,559,2311
449269-0,Tlhareseleele Health Post,Goodhope,NA,Health Post,-25.47016,25.616918,13150,20872
420871-6,Mokhomma Health Post,Jwaneng,NA,Health Post,-24.771376,24.598587,169,596
553760-0,Boipelego Clinic,Serowe,NA,Clinic with Maternity,-22.428693,26.697899,11646,22284
766569-8,Gweta Primary Hospital,Tutume,NA,Primary Hospital,-20.208713,25.246666,1867,2932
460350-2,Kalfontein Clinic,Charleshill,NA,Clinic with Maternity,-22.15372561471685,20.8665098851988,356,768
758579-7,Deborah Retief Memorial Hospital,Kgatleng,NA,District Hospital,-24.383375,26.146938,21859,41662
360478-2,Sese Clinic,Jwaneng,NA,Clinic,-24.658347,24.805466,1472,12428
806153-3,Selokolela Health Post,Kanye,NA,Health Post,-24.948822,25.110493,625,1818
377840-4,Lorolwane Health Post,Kanye,NA,Health Post,-25.320503,24.478924,550,1477
373679-0,Mogoditshane Clinic,Kweneng East,NA,Clinic,-24.626239,25.872511,59694,176360
977333-4,Shashe Mooke Health Post,Greater Francistown,NA,Health Post,-21.189159,27.384354,1209,16118
792566-2,Shashe Station Health Post,Greater Francistown,NA,Health Post,-21.390487,27.446741,9780,17802
176666-6,Mandunyane Health Post,Greater Francistown,NA,Health Post,-21.382296,27.416952,7272,16515
802273-3,Mabesekwa Health Post,Greater Francistown,NA,Health Post,-21.30778,26.880524,440,1223
611993-7,Area S Health Post,Greater Francistown,NA,Health Post,-21.156493,27.497482,82410,124564
713823-3,Area L Health Post,Greater Francistown,NA,Health Post,-21.160365,27.517292,92708,124629
812755-7,Bamalete Luthren Hospital,South East,NA,District Hospital,-24.5222,25.5248,334,1522
215930-9,Donga Clinic,Greater Francistown,NA,Clinic with Maternity,-21.172334,27.54409,69788,123918
300052-8,Thankane Health Post,Jwaneng,NA,Health Post,-24.913725,24.22841,90,237
237486-6,Pallaroad Health Post,Mahalapye,NA,Health Post,-23.406452,26.695273,1924,3606
322012-6,Mowana Health Post,Mahalapye,NA,Health Post,-23.140048,26.815761,11466,20671
918847-5,DITALALA CLINIC,NA,NA,Individual practitioner,-21.26449308,27.48080257,4080,44189
846914-0,DR K TRAVEL CLINIC,Greater Gaborone,NA,Individual practitioner,-24.64268172,25.92087777,65707,175088
179797-6,MOULICK'S FAMILY CARE,Kweneng East,NA,Individual practitioner,-24.65792,25.8965504,64104,165520
262687-7,Matlhako Health Post,Mahalapye,NA,Health Post,-23.113635,27.566207,1345,6437
628767-6,Kgoro Health Post,Goodhope,NA,Health Post,-25.445263,25.483246,5653,22223
332304-5,Moralane Heath Post,Mahalapye,NA,Health Post,-22.950175,26.235401,513,1688
965601-8,Mokatako Health Post,Goodhope,NA,Health Post,-25.758279,25.219306,801,1901
120761-2,Sheepfarm Health Post,Goodhope,NA,Health Post,-25.54223,25.49369,2381,17387
640687-0,Moshupa SDA Clinic,Moshupa,NA,Clinic with Maternity,-24.790637,25.417258,14421,19445
306646-1,Diloro Health Post,Palapye,NA,Clinic,-22.353739,27.53917,1541,3433
821194-8,Sidilega Private Hospital,Greater Gaborone,NA,Private Hospital,-24.6372227,25.9113084,66432,182706
870919-8,Old Naledi Clinic,Greater Gaborone,NA,Clinic with Maternity,-24.6899,25.8968,42022,132209
730690-5,Hereford Clinic,Kgalagadi south,NA,Clinic with Maternity,-25.473435,23.798291,143,485
893812-8,Draihoek Health Post,Kgalagadi south,NA,Health Post,-25.461261,22.845959,152,338
256008-4,Extension 15  Clinic,Greater Gaborone,NA,Clinic,-24.668447,25.940581,56179,139933
1004633-2,Maleshe Health Post,Kgalagadi south,NA,Health Post,-25.861419,22.430058,186,666
451455-0,Omaweneno Health Post,Kgalagadi south,NA,Health Post,-25.759256,22.566441,468,863
1019252-4,Makopong Clinic,Kgalagadi south,NA,Clinic with Maternity,-25.334374,22.971302,164,327
411725-5,BOFWA,Kanye,NA,Group practice,-24.980392,25.305358,20728,33910
571710-3,Mmopane  Health Post,Kweneng East,NA,Health Post,-24.5782,25.8679,53733,155352
395933-5,Tsabong Clinic,Kgalagadi south,NA,Clinic,-25.999835,22.407814,2625,3894
352619-1,Middlepits Clinic,Kgalagadi south,NA,Clinic with Maternity,-26.6623911,21.8771347,241,478
936040-5,Gakhibane Health Post,Kgalagadi south,NA,Health Post,-26.712873,21.768454,145,432
440145-1,Matshwane Clinic,Ngami,NA,Clinic,-20.033528,23.44779,7890,21892
617724-0,Shorobe Clinic,Ngami,NA,Clinic with Maternity,-19.766877,23.673459,554,1452
445141-5,Maubelo Health Post,Kgalagadi south,NA,Health Post,-26.074988,22.377282,1006,3570
1018376-2,Khuis Health Post,Kgalagadi south,NA,Health Post,-26.656388,21.839379,205,574
669638-9,Kolonkwaneng Health Post,Kgalagadi south,NA,Health Post,-26.64279,21.995955,125,320
428747-0,Jackalas 1 Health  Post,North East,NA,Health Post,-20.5720186,27.6986061,1896,3965
496348-4,Kgari  Health  Post,North East,NA,Health Post,-20.583607,27.609211,1470,4853
469135-8,Gungwe Health Post,North East,NA,Health Post,-20.493991,27.377892,636,2034
762953-8,Tsau Clinic,Ngami,NA,Clinic with Maternity,-20.168088,22.456916,342,744
338699-2,Kudumatse Health Post,Mahalapye,NA,Health Post,-23.40792,27.145492,1136,2000
755644-2,Baitiredi Clinic,Mahalapye,NA,Clinic,-23.09403,26.82326,13679,20661
442946-0,Phuthadikobo Clinic,Kweneng East,NA,Clinic,-24.377063,25.545013,42998,63873
609449-4,Maun BDF Clinic,Ngami,NA,Clinic,-19.967681,23.45143,11444,24367
604111-5,Thito Health Post,Ngami,NA,Health Post,-20.012341,23.406344,13020,22141
1060319-9,Chanoga Health Post,Ngami,NA,Health Post,-20.166295,23.685811,1235,2556
940107-6,Bonwapitse Health Post,Mahalapye,NA,Health Post,-23.076863,26.703568,950,4523
799821-4,Shadishadi Health  Post,Kweneng East,NA,Health Post,-23.478391,25.668309,2852,10930
693957-3,Boswelakoko Clinic,Kweneng East,NA,Clinic,-24.394575,25.496766,17882,53804
943273-3,Hatsalatladi Health Post,Kweneng East,NA,Health Post,-24.138363,25.594493,4945,13195
902553-7,Tsonyane Health Post,Jwaneng,NA,Health Post,-24.86295,24.83082,162,1667
188683-7,Mogonono Health Post,Kweneng East,NA,Health Post,-24.257886,25.544507,3493,15311
782241-4,Borakalalo Clinic,Kweneng East,NA,Clinic,-24.408656,25.494324,10910,51061
139849-4,Gakuto Health Post,Kweneng East,NA,Health Post,-24.471308,25.787948,6427,44947
236213-5,Kopong Clinic,Kweneng East,NA,Clinic,-24.472472,25.890262,20014,43375
722327-4,Kgope Health Post,Kweneng East,NA,Health Post,-24.310733,25.912819,3899,25926
357664-2,Mmanoko Health Post,Kweneng East,NA,Health Post,-24.475264,25.664532,3031,12018
169155-9,SHAA\Bosele Health Post,Ghanzi,NA,Health Post,-21.695754,21.643096,2036,2684
304722-2,Morama Clinic,Ghanzi,NA,Clinic,-21.7084,21.656839,2038,2709
463023-2,Broadhurst Pharmacy,Greater Gaborone,NA,Individual practitioner,-24.630897,25.946547,55213,165920
390050-3,Gantsi Clinic,Ghanzi,NA,Clinic,-21.704153,21.643279,2019,2685
972813-0,Lefhoko Health Post,Jwaneng,NA,Health Post,-24.834332,24.669887,180,620
933244-6,Lekgwapeng Health  Post,Kweneng East,NA,Health Post,-24.393139,25.475557,8015,43606
969643-6,Mmatseta Health Post,Kweneng East,NA,Health Post,-24.513031,25.865234,23076,97840
728666-9,Magokotswane  Health Post,Kweneng East,NA,Health Post,-24.399791,25.572679,36362,61798
657606-0,Mokowana /Mosweu Health Post,Palapye,NA,Clinic,-22.650395,27.639305,1951,7538
377230-8,Kachikau Clinic,Chobe,NA,Clinic with Maternity,-18.153897,24.50426,876,1499
283972-8,Kazungula Health Post,Chobe,NA,Health Post,-17.80326,25.237315,3407,6258
807923-8,Kavimba Clinic,Chobe,NA,Clinic,-18.07549,24.58428,664,1332
833536-6,Kasane Health Post,Chobe,NA,Health Post,-17.799302,25.153586,2955,5053
763910-7,Mahetlwe Health Post,Kweneng East,NA,Health Post,-24.236532,25.6739,5319,16904
918103-3,Julia Molefhe Clinic,Greater Gaborone,NA,Clinic,-24.6489,25.8672,56950,162336
206797-3,Letoreng Health Post,Mahalapye,NA,Health Post,-23.158201,27.529976,1166,3400
493151-5,Lephepe Clinic,Kweneng East,NA,Clinic with Maternity,-23.357654,25.854058,4474,7918
517133-5,Broadhurst I Clinic,Greater Gaborone,NA,Clinic,-24.6365,25.9226,64429,180068
371418-5,Broadhurst II Clinic,Greater Gaborone,NA,Clinic,-24.628,25.9432,55391,171241
678455-7,Kagiso Clinic,Phikwe,NA,Clinic,-21.985697,27.82218,42023,56063
478977-2,Sebele Clinic,Greater Gaborone,NA,Clinic,-24.5882,25.9394,44048,162113
671504-9,Extension II  Clinic,Greater Gaborone,NA,Clinic,-24.6596296,25.922958,63051,156809
190567-8,Bontleng Clinic,Greater Gaborone,NA,Clinic,-24.6649,25.9066,60791,157579
218760-7,Broadhurst Traditional Area Clinic,Greater Gaborone,NA,Clinic,-24.643155,25.923326,65372,173417
809716-4,Extension 14 Clinic,Greater Gaborone,NA,Clinic,-24.677469,25.907047,52599,146554
155318-9,Kgatelopele/Block 8 Clinic,Greater Gaborone,NA,Clinic,-24.6063,25.914,53487,190015
991139-7,Tlokweng Main Clinic,Greater Gaborone,NA,Clinic,-24.667312,25.957463,50986,128263
521011-7,Mochudi 2  Clinic,Kgatleng,NA,Clinic,-24.373852,26.161209,18108,38027
142959-6,Boseja 1  Clinic,Kgatleng,NA,Clinic,-24.407313,26.15942,18716,38695
653316-0,Makakatlela  Clinic,Kgatleng,NA,Clinic,-24.3598,26.139,15056,40734
100051-2,Senyawe Health Post,North East,NA,Health Post,-20.765185,27.69086,806,3752
550673-8,Tshesebe Clinic,North East,NA,Health Post,-20.726976,27.582452,3165,5467
159292-2,Tsamaya Clinic,North East,NA,Clinic with Maternity,-20.836992,27.627205,3352,6213
134033-0,Phaphane  Clinic,Kgatleng,NA,Clinic,-24.398301,26.105647,21847,48381
933228-9,Mmokolodi Clinic,Kweneng East,NA,Clinic,-24.7082,25.808,9129,52907
118883-8,Mochudi 1  Clinic,Kgatleng,NA,Clinic,-24.396106,26.143023,22620,42853
187595-4,Moreomabele Health Post,Palapye,NA,Health Post,-22.5446618,27.1057375,15513,22334
503641-3,Morwa  Clinic,Kgatleng,NA,Clinic,-24.423139,26.085817,17386,46224
674502-0,Sedibeng Health Post,Goodhope,NA,Health Post,-25.63991,25.13463,706,2127
422403-6,Kgosing Clinic,Kweneng East,NA,Clinic,-24.408535,25.515755,22985,57550
952729-2,Ditshegwane Clinic,Kweneng West,NA,Clinic,-24.167028,24.960983,357,1283
371326-0,Modipane Health Post,Kgatleng,NA,Health Post,-24.626432,26.125523,8982,18766
169913-1,Boseja 2  Clinic,Kgatleng,NA,Clinic,-24.421434,26.138476,17298,43211
375485-0,Dikwididi Health Post,Kgatleng,NA,Health Post,-24.593722,26.218878,993,5543
325329-1,Molepolole Council Clinic,Kweneng East,NA,Clinic,-24.401672,25.513328,26271,57935
849220-9,Makgophana Health Post,Kgatleng,NA,Health Post,-24.389843,26.180225,15659,31512
757017-9,Rasesa  Clinic,Kgatleng,NA,Clinic,-24.369796,26.080646,13952,45201
121018-6,Malolwane  Clinic,Kgatleng,NA,Clinic,-24.535,26.4743,2221,3821
178427-1,Matebele Health Post,Kgatleng,NA,Health Post,-24.53731,26.040149,18596,50834
119826-6,Pilane Health Post,Kgatleng,NA,Health Post,-24.405707,26.077408,19489,46061
143993-4,Dikhukhung Health Post,Goodhope,NA,Health Post,-25.81329,24.799131,527,1350
760197-4,Robelela Health Post,Phikwe,NA,Health Post,-21.59006,27.984824,862,1740
193195-5,Mabeleng Health Post,Bobirwa,NA,Health Post,-21.982331,28.43473404,4294,6992
326823-2,Khekhenye Health Post,Kweneng West,NA,Health Post,-24.057189,23.374754,312,754
544933-5,Borotsi Clinic,Bobirwa,NA,Clinic,-21.963522,28.418128,4427,6944
878856-4,Tobane Health Post,Phikwe,NA,Health Post,-21.904243,28.043809,722,1659
385056-7,Makunda Health Post,Charleshill,NA,Health Post,-22.388370698396095,20.121629393428208,259,717
933031-7,Chobokwane Health Post,Charleshill,NA,Health Post,-22.15509568347305,21.209785122422357,183,517
233523-0,Metsimantsho Health Post,Charleshill,NA,Health Post,-23.15197466334916,20.82680818358962,173,477
858271-0,Mmathubudukwane  Clinic,Kgatleng,NA,Clinic with Maternity,-24.601173,26.433612,2399,6287
635660-4,Oliphant's Drift  Clinic,Kgatleng,NA,Clinic with Maternity,-24.187878,26.862592,733,1512
348819-4,Bere Health Post,Ghanzi,NA,Health Post,-22.821428,21.873788,136,340
292794-5,Gasita Clinic,Kanye,NA,Clinic with Maternity,-25.105312,24.876335,155,740
868940-8,Oodi  Clinic,Kgatleng,NA,Clinic with Maternity,-24.580794,26.043735,20027,65250
273439-0,Kole Clinic,Charleshill,NA,Clinic,-22.996968052857145,20.1925520663524,234,535
431904-2,Nyangabgwe Hospital,Greater Francistown,NA,Referral Hospital,-21.187828,27.536341,67553,124725
797444-7,Chemist At Your Service,South East,NA,Individual practitioner,-24.627124875498563,25.935578143559468,57762,178772
811879-6,Mafitlhakgosi Clinic,Greater Gaborone,NA,Clinic with Maternity,-24.655639,25.970601,46264,126978
431094-2,Mahotshwane Health Post,Mabutsane,NA,Health Post,-24.417175,24.223076,37,139
848251-5,St Josephs Mission Clinic,Greater Gaborone,NA,Clinic,-24.7167,25.8742,18388,87134
287388-3,Palapye Primary Hospital,Palapye,NA,Primary Hospital,-22.552184,27.131304,13131,21501
326771-3,Sekondomboro Health Post,Okavango,NA,Health Post,-18.406188,22.068442,409,1318
440231-9,Etsha 6 Clinic,Okavango,NA,Clinic with Maternity,-19.131854,22.297856,409,1066
702688-3,Etsha 13 Clinic,Okavango,NA,Clinic,-19.014659,22.316398,619,1238
405411-0,Etsha 1 Health Post,Okavango,NA,Health Post,-19.184064,22.243242,263,874
820551-0,Grootlagte Health Post,Ghanzi,NA,Health Post,-21.360041,21.213339,120,333
162465-9,Mabuo Health Post,Serowe,NA,Health Post,-22.625971,26.357756,785,2136
477648-0,Modikwane Health Post (Serowe),Serowe,NA,Health Post,-22.373959,26.686889,7939,20069
523178-2,Mogorosi Health Post,Serowe,NA,Health Post,-22.434805,26.564156,1682,3200
557244-1,Malatswai Health Post,Serowe,NA,Health Post,-21.814826,25.93687,504,1367
834026-7,Tati Siding Clinic,Greater Francistown,NA,Clinic with Maternity,-21.176895,27.531889,80656,124641
609192-0,Letlhakane Primary Hospital,Boteti,NA,Primary Hospital,-21.420857,25.584253,6599,8877
770793-8,Itekeng (Area W) Clinic,Greater Francistown,NA,Clinic,-21.173463,27.506522,93181,125006
325792-0,Mokoboxane Health  Post,Boteti,NA,Health Post,-21.264365,24.9480735,352,1157
703653-6,Gojwane Health Post,Greater Francistown,NA,Health Post,-21.786062,27.280169,478,1826
703810-2,Tlhalogang Health Post,Greater Francistown,NA,Health Post,-21.075121,27.358535,5582,13087
507725-0,Foley Health Post,Greater Francistown,NA,Health Post,-21.686839,27.364429,591,1534
274913-3,Manyanda Health Post,Greater Francistown,NA,Health Post,-21.426743,27.457496,11896,17948
557750-7,Natale Health Post,Greater Francistown,NA,Health Post,-21.099755,27.229101,3707,7926
643270-2,Gaborone West Clinic,Greater Gaborone,NA,Clinic with Maternity,-24.6607,25.8876,60985,161259
585979-8,Mulambakwena Health Post,North East,NA,Health Post,-20.5707,27.460808,1521,6743
957417-9,Masunga Clinic,North East,NA,Clinic,-20.623495,27.446179,3810,6306
348737-8,Nlaphkwane Clinic,North East,NA,Clinic,-20.517333,27.519522,920,3214
336494-0,Zwenshambe Health Post,North East,NA,Health Post,-20.506407,27.548037,867,2728
388754-4,Mapoka Clinic,North East,NA,Clinic with Maternity,-20.586762,27.590661,1107,4812
540164-1,Tloaneng Health Post,Kweneng East,NA,Health Post,-24.66605,25.80049,14781,72254
478872-5,Mosojane Health Post,North East,NA,Health Post,-20.623026,27.518094,1069,6298
981309-8,Letsholathebe Health Post,North East,NA,Health Post,-20.684736,27.440843,1382,5375
602553-0,Pole Health Post,North East,NA,Health Post,-20.6159,27.553739,832,4632
917324-6,Sechele Health Post,North East,NA,Health Post,-20.753816,27.358693,741,2425
938343-1,Kokotsha Health Post,Kgalagadi south,NA,Health Post,-24.920977,23.218776,245,607
539393-9,New Age Clinic,South East,NA,Individual practitioner,-24.6281599,25.9343726,58610,179087
784733-8,Maralaleng Health Post,Kgalagadi south,NA,Health Post,-25.7938850024844,22.685180094977316,191,563
846940-5,Gulubane Health Post,North East,NA,Health Post,-20.919774,27.307908,1538,8750
384465-1,Masingwaneng Health Post,North East,NA,Health Post,-20.852242,27.322732,855,5466
622014-9,Botalaote/Toteng Health Post,North East,NA,Health Post,-20.755436,27.248634,788,6711
827227-0,Bogogobo Health Post,Kgalagadi south,NA,Health Post,-26.661402,21.935744,184,446
573363-9,Mambo Health Post,North East,NA,Health Post,-20.798218,27.328163,1317,3405
414241-0,Kisa Health Post,Kgalagadi south,NA,Health Post,-25.844326,22.698461000000002,81,339
465070-1,Rappelspan Health Post,Kgalagadi south,NA,Health Post,-26.821957,20.814882,111,283
448812-8,Bodungwane Health Post,Kgatleng,NA,Health Post,-24.556,25.323,223,973
418397-6,Khurutshe Health Post,Kgatleng,NA,Health Post,-23.734505,26.181275,467,1560
361644-8,Leshibitse Health Post,Kgatleng,NA,Health Post,-23.840988,26.449206,945,2720
456996-8,Mochudi Prisons Sick Bay Health Post,Kgatleng,NA,Health Post,-24.4005358,26.1237397,22862,45923
724416-3,Malotwana Health Post,Kgatleng,NA,Health Post,-24.293333,26.169228,2030,12542
927959-7,Zutshwa Health Post,Kgalagadi North,NA,Health Post,-24.1423323,21.245815,89,246
125795-5,Maitengwe Clinic,Tutume,NA,Clinic with Maternity,-20.1385485,27.1987148,3628,5216
697110-5,Moeti Clinic,Ngami,NA,Clinic with Maternity,-19.966623,23.402511,9029,22326
288910-3,Matlapana Health Post,Ngami,NA,Health Post,-19.941198,23.501484,5813,14731
539949-8,Maun Clinic,Ngami,NA,Clinic,-19.992299,23.417506,14753,23385
646788-0,Bothatogo Health Post,Ngami,NA,Health Post,-20.54906,22.747549,461,2615
407358-1,Mababe Health Post,Ngami,NA,Health Post,-19.180924,23.996836,388,1060
275295-4,Manyana Clinic,Moshupa,NA,Clinic,-24.771863,25.590032,2809,8231
245426-2,Goodhope Clinic,Goodhope,NA,Clinic,-25.4681407,25.4074823,14306,23745
713820-9,Majaalela Health Post,Goodhope,NA,Health Post,-25.396224,25.437516,2005,18483
618772-8,New Xade Clinic,Ghanzi,NA,Clinic with Maternity,-22.120531,22.415089,162,391
881345-3,Qabo Health Post,Ghanzi,NA,Health Post,-21.065575,21.736355,109,339
329309-9,Kuke Health Post,Ghanzi,NA,Health Post,-21.048398,22.403738,246,696
431261-7,East Hanahai Health Post,Ghanzi,NA,Health Post,-22.164732,21.855527,185,522
634692-8,West Hanahai Health Post,Ghanzi,NA,Health Post,-22.103855,21.774089,224,624
757774-5,Medie Health Post,Kweneng East,NA,Health Post,-24.0670197,25.8656108,2356,7687
712290-6,Sojwe Clinic,Kweneng East,NA,Clinic,-23.436833,25.747159,9638,16864
863362-0,Mantshwabisi Health Post,Kweneng West,NA,Health Post,-24.179538,25.269649,349,2130
407464-7,Serinane Health Post,Kweneng West,NA,Health Post,-24.188336,25.208437,390,1256
974945-8,Loologane Health Post,Kweneng East,NA,Health Post,-23.35799,25.68696,1437,6161
356568-6,Kweneng Health  Post,Kweneng East,NA,Health Post,-23.8829965,25.9453339,1997,5068
331961-3,Metsibotlhoko Health Post,Kweneng West,NA,Health Post,-24.043334,24.865572,77,406
359199-7,Mosolotshane Health Post,Mahalapye,NA,Health Post,-22.931866,26.382424,1463,3585
286718-2,Kwando BDF Health Post,Chobe,NA,Health Post,-17.829289,25.23531,2203,6602
793318-7,Moeng  College Health Post,Palapye,NA,Clinic,-22.679795,27.614729,1356,7003
156495-4,Morupule Coliery Clinic,Palapye,NA,Clinic,-22.525171,27.04955,6551,19430
533191-3,Nutrition Clinic,Serowe,NA,Clinic,-22.412759,26.703113,13976,22510
305620-7,Thabala Clinic,Serowe,NA,Clinic,-22.494469,26.420832,548,1509
732845-3,Newtown Clinic,Serowe,NA,Clinic,-22.415428,26.739302,14048,22405
895295-4,Chukumuchu Health Post,Okavango,NA,Health Post,-18.29666,21.793068,2566,4851
239497-1,Kajaja Health Post,Okavango,NA,Health Post,-18.669656,22.089188,422,1218
866139-9,Gobojango Health Post,Bobirwa,NA,Health Post,-21.83066,28.727489,593,1974
674820-6,Semolale Clinic,Bobirwa,NA,Health Post,-21.8737049,28.8277306,1178,2302
461911-0,Tsetsebjwe Clinic,Bobirwa,NA,Clinic with Maternity,-21.99116,28.429727,4251,7010
908419-5,Molalatau Health Post,Bobirwa,NA,Health Post,-22.066779,28.601306,2041,3659
811002-5,Lepokole Health Post,Bobirwa,NA,Health Post,-21.782826,28.340973,307,836
170913-8,Mabolwe Health Post,Bobirwa,NA,Health Post,-21.820293,28.824942,958,2303
356146-1,Mathathane Clinic,Bobirwa,NA,Clinic with Maternity,-22.2667738,28.749933,1131,2210
854774-7,Lentswelemoriti Health Post,Bobirwa,NA,Health Post,-22.176613,29.306519,16,24
310115-1,Broadhurst III Clinic,Greater Gaborone,NA,Clinic with Maternity,-24.6277,25.93694,57543,177280
542046-8,Seronga Clinic,Okavango,NA,Clinic with Maternity,-18.812481,22.414334,388,893
245929-5,Nokaneng Clinic,Okavango,NA,Clinic with Maternity,-19.662259,22.18832,185,497
484939-4,Xakao Clinic,Okavango,NA,Clinic with Maternity,-18.312692,21.890945,750,4465
218766-4,Gumare Clinic,Okavango,NA,Clinic,-19.367249,22.16253,1085,1516
410981-5,Qangwa Clinic,Okavango,NA,Clinic with Maternity,-19.538127,21.178319,520,979
621771-5,Sepopa Clinic,Okavango,NA,Clinic,-18.74413,22.174054,1168,2072
908115-9,Gunutsoga Health Post,Okavango,NA,Health Post,-18.838309,22.578198,244,665
290937-2,Kauxwi Health Post,Okavango,NA,Health Post,-18.277533,21.835531,1894,4662
209107-2,Mogotlho Health Post,Okavango,NA,Health Post,-18.527139,22.15476,358,842
646188-3,Habu Health Post,Okavango,NA,Health Post,-19.862511,22.384101,130,322
379558-0,Nxaunxau Health Post,Okavango,NA,Health Post,-18.974316,21.301147,214,502
816069-9,Mohembo/Nxomokao Health Post,Okavango,NA,Health Post,-18.296565,21.792407,2557,4831
554994-4,Ngarange Health Post,Okavango,NA,Health Post,-18.398124,22.006434,784,1801
146770-3,Nxamasere Health Post,Okavango,NA,Health Post,-18.588056,21.993648,570,1548
245847-9,Ikoga Health Post,Okavango,NA,Health Post,-18.868505,22.281601,299,1011
249838-4,Ghani Health Post,Okavango,NA,Health Post,-18.401504,21.573729,209,627
257034-9,Shakawe Clinic,Okavango,NA,Clinic with Maternity,-18.361607,21.846593,2017,4768
320845-1,Goodhope Primary Hospital,Goodhope,NA,Primary Hospital,-25.470463,25.444703,13769,23002
295406-3,O.K. CHEMIST,South East,NA,Individual practitioner,-25.209814,25.678195,67519,97748
582552-6,Hukuntsi Clinic,Kgalagadi North,NA,Clinic,-23.998548,21.776151,774,1450
349554-6,Make Health Post,Kgalagadi North,NA,Health Post,-23.69552,21.784937,107,324
908500-2,Ncaang Health Post,Kgalagadi North,NA,Health Post,-23.4424382,21.2236691,109,293
547193-3,Inalegolo Health Post,Kgalagadi North,NA,Health Post,-23.950759,22.974892,409,696
751937-4,Lehututu Health Post,Kgalagadi North,NA,Health Post,-23.916725,21.83424,401,1057
560691-8,Lokgwabe Health Post,Kgalagadi North,NA,Health Post,-24.11336,21.778713,384,655
829710-3,Monong Health Post,Kgalagadi North,NA,Health Post,-23.661561,21.511101,78,222
758986-4,Tshane Health Post,Kgalagadi North,NA,Health Post,-24.020721,21.86909,379,1169
588661-9,Phuduhudu Health Post,Kgalagadi North,NA,Health Post,-23.949994,22.970652,407,686
120428-8,Ukhwi Health Post,Kgalagadi North,NA,Health Post,-23.5587177,20.4979214,105,286
802310-3,Moselebe Health Post,Kgalagadi North,NA,Health Post,-24,21.75,678,1192
356085-1,Hunhukwe Health Post,Kgalagadi North,NA,Health Post,-23.410566,21.602215,270,503
432283-0,Pitsane Clinic,Goodhope,NA,Clinic,-25.473131,25.596487,13811,22308
455460-6,Mmathethe Clinic,Goodhope,NA,Clinic with Maternity,-25.321281,25.272177,2712,5773
894895-2,Mabule Clinic,Goodhope,NA,Clinic with Maternity,-25.768064,24.560831,871,1663
977671-7,Hebron Clinic,Goodhope,NA,Clinic with Maternity,-25.65551,25.40113,2722,8689
227847-1,Metlobo Clinic,Goodhope,NA,Clinic,-25.424442,24.964815,681,1735
975887-1,Ramatlabama Clinic,Goodhope,NA,Clinic,-25.634124,25.38418,2434,9403
965830-3,Tshidilamolomo Clinic,Goodhope,NA,Clinic,-25.810391,24.686555,460,1164
399845-7,Ditlharapa Health Post,Mabutsane,NA,Health Post,-25.691169,25.388213,2341,6285
765941-0,Gathwane Health Post,Goodhope,NA,Health Post,-25.38968,25.502582,2203,13223
515196-4,Mmakgori Health Post,Goodhope,NA,Health Post,-25.81427,24.80021,516,1343
381272-4,Mokgomane Health Post,Goodhope,NA,Health Post,-25.55845,25.239104,982,4164
244463-6,Rakhuna Health Post,Goodhope,NA,Health Post,-25.559875,25.580468,3750,16547
842218-0,Sekhutlhane Health Post,Goodhope,NA,Health Post,-25.61147,24.560621,687,1694
828861-5,Metlojane Health Post,Goodhope,NA,Health Post,-25.53896,25.36968,3960,18573
844338-4,Tsopeng Clinic,Lobatse,NA,Clinic with Maternity,-25.227739,25.677389,67060,97855
562246-9,Peleng Central Clinic,Lobatse,NA,Clinic,-25.2286915,25.6775413,66908,97806
553731-1,Woodhall Clinic,Lobatse,NA,Clinic,-25.20459,25.68614,67508,96839
889476-8,Mogobane Clinic,South East,NA,Clinic with Maternity,-24.980998,25.697681,13718,43487
481757-3,Lesetlhana Clinic,South East,NA,Clinic,-24.85625,25.856699,25337,34461
199894-7,Ramotswa Station/ Taung Clinic,South East,NA,Clinic,-24.847193999999998,25.824161,20583,36406
568461-8,Otse Clinic,South East,NA,Clinic with Maternity,-25.032015,25.748092,25830,46340
528798-2,Siga Clinic,South East,NA,Clinic,-24.870745,25.872746,21877,32538
256522-4,Botswana Police College,South East,NA,Clinic,-24.82992,25.80516,12023,36570
958721-3,Metsimaswaane,South East,NA,Health Post,-24.8092275,25.7563529,3281,18807
350353-9,Mogobane Health Post,South East,NA,Health Post,-24.595974,25.721624,357,11364
390975-1,Khakhea Clinic,Jwaneng,NA,Clinic with Maternity,-24.699903,23.506825,185,445
757731-5,Tshimologo Clinic,Jwaneng,NA,Clinic,-24.603031,24.72407512,1649,2646
297961-5,Morwamosu Clinic,Mabutsane,NA,Clinic,-24.091272,23.080741,167,447
911481-0,Keng Health Post,Mabutsane,NA,Health Post,-24.597459,23.757622,130,311
475203-6,Khonkhwa Health Post,Mabutsane,NA,Health Post,-24.562685,23.858693,137,426
138941-0,Itholoke Health Post,Mabutsane,NA,Health Post,-24.706725,23.63323,60,260
357636-0,Sekoma Health Post,Mabutsane,NA,Health Post,-24.514169,23.929154,196,450
334207-8,Letlhakane Clinic,Boteti,NA,Clinic,-21.432197,25.59788,6048,8838
828915-9,Tawana Clinic,Boteti,NA,Clinic,-21.390326,25.577182,5785,9657
556891-0,Khumaga  Health  Post,Boteti,NA,Health Post,-20.47328,24.513628,839,1756
682954-3,Mokubilo  Health  Post,Boteti,NA,Health Post,-21.231906,26.429584,960,2161
933411-1,Xhumo Clinic,Boteti,NA,Clinic,-21.169955,24.604759,384,1259
823556-6,Mmatshumo Clinic,Boteti,NA,Clinic,-21.147237,25.66034,449,1162
326326-6,Mopipi Clinic,Boteti,NA,Clinic with Maternity,-21.204146,24.857667,590,1323
490856-2,Motopi Clinic,Boteti,NA,Clinic with Maternity,-20.216337,24.131747,901,1934
474061-9,Kedia Health  Post,Boteti,NA,Health Post,-21.365512,24.732677,556,1271
886790-5,Rakops Health Post,Boteti,NA,Health Post,-21.018855,24.413338,712,1551
885823-5,Mmadikola  Health Post,Boteti,NA,Health Post,-21.038484,24.474126,347,1600
429230-6,Khwee Health Post,Boteti,NA,Health Post,-21.947212,25.445748,257,651
781688-7,Moreomaoto Health Post,Boteti,NA,Health Post,-20.239504,24.25479,406,1271
317664-1,Mosu Health Post,Boteti,NA,Health Post,-21.218411,26.019257,1285,2172
328148-2,Toromoja  Health Post,Boteti,NA,Health Post,-21.069479,24.568981,336,1295
454413-6,Mmea Health Post,Boteti,NA,Health Post,-21.091018,26.329855,429,1323
189831-1,Xere Health  Post,Boteti,NA,Health Post,-21.139186,24.313783,77,352
178647-4,Leporung Health Post,Goodhope,NA,Health Post,-25.757662,24.966176,708,1588
366872-0,Tshwaragano Clinic,Greater Francistown,NA,Clinic,-21.14827,27.495606,72985,124132
739058-6,Tatitown Clinic,Greater Francistown,NA,Clinic,-21.165978,27.496637,86135,124767
457469-5,Botsalano Clinic,Greater Francistown,NA,Clinic,-21.178266,27.500166,87584,125122
743567-0,Masego Clinic,Greater Francistown,NA,Clinic,-21.202318000000002,27.522269,64269,122066
787329-2,Boikhutso Clinic,Greater Francistown,NA,Clinic,-21.189995,27.536999,65148,124616
433002-3,Ntshe Clinic,Greater Francistown,NA,Clinic,-21.134613,27.498906,61677,122092
453145-5,Lapologang Clinic,Greater Francistown,NA,Clinic,-21.183308,27.510603,89914,125353
198322-0,Botshabelo Clinic,Phikwe,NA,Clinic with Maternity,-21.957747,27.869088,32207,53262
228068-3,Sesame Clinic,Phikwe,NA,Clinic with Maternity,-21.985954,27.814061,37378,55987
766051-7,South East,Phikwe,NA,Clinic,-21.984727,27.848142,48386,55789
785994-5,Industrial Clinic,Phikwe,NA,Clinic,-21.970637,27.818105,35557,55076
463123-0,Tapologong Clinic,Phikwe,NA,Clinic with Maternity,-21.981165,27.852403,47963,55441
688812-7,Mabeleapudi Clinic,Serowe,NA,Clinic,-22.21933,26.832395000000002,1292,4320
634422-0,Gudigwa Health Post,Okavango,NA,Health Post,-18.601867,22.912098,173,446
680155-9,Thebephatshwa AirBase,Kweneng West,NA,Primary Hospital,-24.24461,25.33226,1176,2822
535023-6,Ngware Clinic,Kweneng West,NA,Clinic,-23.859501,25.367383,1941,5209
644488-9,Salajwe Clinic,Kweneng West,NA,Clinic with Maternity,-23.691992,24.7195204,231,606
410982-3,Moshaweng Clinic,Kweneng West,NA,Clinic,-24.526995,25.042289,211,606
977674-1,Khudumelapye Clinic,Kweneng West,NA,Clinic,-23.915618,24.947971,568,999
751658-6,Botlhapatlou Clinic,Kweneng West,NA,Clinic,-24.022543,25.490683,1994,5896
741948-4,Malwelwe Health Post,Kweneng West,NA,Health Post,-23.987337,25.250716,5085,7941
956424-6,Dutlwe Health Post,Kweneng West,NA,Health Post,-23.982233,23.92804,188,465
845952-1,Kotolaname Health Post,Kweneng West,NA,Health Post,-24.474619,25.27832,311,906
375911-5,Monwane Health Post,Kweneng West,NA,Health Post,-24.31711,25.212025,253,1096
516649-1,Kaudwane Health Post,Kweneng West,NA,Health Post,-23.382891,24.658482,131,260
396493-9,Sesung Health Post,Kweneng West,NA,Health Post,-24.101739,24.921334,244,1062
171566-3,Botswelelo Clinic,Greater Francistown,NA,Clinic,-21.178887,27.521155,88581,125017
814872-8,Jubilee Clinic,Greater Francistown,NA,Clinic with Maternity,-21.157377,27.510261,90326,124630
992675-9,Sorilatholo Health Post,Kweneng West,NA,Health Post,-23.63505,24.959594,166,462
358673-2,Tubu Health Post,Okavango,NA,Health Post,-19.356665,22.282141,187,566
843454-0,Tlhokomelo Psychological Clinic,Greater Gaborone,NA,Individual practitioner,-24.63541,25.92859,62797,177759
955225-8,EVER DYNAMIC OPTOMETRISTS,South East,NA,Individual practitioner,-24.662002,25.904875,62398,160490
603358-3,Setlhoa Pharmacy,Greater Gaborone,NA,Individual practitioner,-24.59962323312513,25.93899942406313,47033,174700
484650-7,Takatokwane Clinic,Kweneng West,NA,Clinic with Maternity,-24.000543,24.310886,346,703
153050-0,SSKB (Mogoditshane BDF) Clinic,NA,NA,Clinic,-24.6085,25.8631,58428,170928
103328-1,Mahalapye District Hospital,Mahalapye,NA,Clinic,-23.115585,26.839487,15508,20723
295218-2,Shoshong Clinic,Mahalapye,NA,Clinic with Maternity,-23.031175,26.50941,6867,10387
703568-6,Tewane Health Post,Mahalapye,NA,Health Post,-22.852392,26.899175,673,2825
951273-2,Xhosa 1 Clinic,Mahalapye,NA,Clinic,-23.129571,26.83198,14362,20743
910183-3,Taupye Heath Post,Mahalapye,NA,Health Post,-23.135438,26.95954,930,3638
